flight_date,flight_status,departure,arrival,airline,flight,aircraft,live
2023-12-07,active,"{'airport': 'Auckland International', 'timezone': 'Pacific/Auckland', 'iata': 'AKL', 'icao': 'NZAA', 'terminal': 'D', 'gate': '31', 'delay': 13, 'scheduled': '2023-12-07T07:55:00+00:00', 'estimated': '2023-12-07T07:55:00+00:00', 'actual': '2023-12-07T08:08:00+00:00', 'estimated_runway': '2023-12-07T08:08:00+00:00', 'actual_runway': '2023-12-07T08:08:00+00:00'}","{'airport': 'Queenstown', 'timezone': 'Pacific/Auckland', 'iata': 'ZQN', 'icao': 'NZQN', 'terminal': 'D', 'gate': None, 'baggage': None, 'delay': None, 'scheduled': '2023-12-07T09:50:00+00:00', 'estimated': '2023-12-07T09:50:00+00:00', 'actual': None, 'estimated_runway': None, 'actual_runway': None}","{'name': 'Virgin Atlantic', 'iata': 'VS', 'icao': 'VIR'}","{'number': '7669', 'iata': 'VS7669', 'icao': 'VIR7669', 'codeshared': {'airline_name': 'air new zealand', 'airline_iata': 'nz', 'airline_icao': 'anz', 'flight_number': '613', 'flight_iata': 'nz613', 'flight_icao': 'anz613'}}",,
2023-12-07,active,"{'airport': 'Shenzhen', 'timezone': 'Asia/Shanghai', 'iata': 'SZX', 'icao': 'ZGSZ', 'terminal': None, 'gate': None, 'delay': 38, 'scheduled': '2023-12-07T02:30:00+00:00', 'estimated': '2023-12-07T02:30:00+00:00', 'actual': '2023-12-07T03:07:00+00:00', 'estimated_runway': '2023-12-07T03:07:00+00:00', 'actual_runway': '2023-12-07T03:07:00+00:00'}","{'airport': 'Narita International Airport', 'timezone': 'Asia/Tokyo', 'iata': 'NRT', 'icao': 'RJAA', 'terminal': '1', 'gate': None, 'baggage': None, 'delay': None, 'scheduled': '2023-12-07T07:55:00+00:00', 'estimated': '2023-12-07T07:55:00+00:00', 'actual': None, 'estimated_runway': None, 'actual_runway': None}","{'name': 'DHL Air', 'iata': 'D0', 'icao': 'DHK'}","{'number': '752', 'iata': 'D0752', 'icao': 'DHK752', 'codeshared': None}",,
2023-12-07,active,"{'airport': 'Chongqing Jiangbei International', 'timezone': 'Asia/Shanghai', 'iata': 'CKG', 'icao': 'ZUCK', 'terminal': None, 'gate': None, 'delay': 27, 'scheduled': '2023-12-07T02:45:00+00:00', 'estimated': '2023-12-07T02:45:00+00:00', 'actual': '2023-12-07T03:12:00+00:00', 'estimated_runway': '2023-12-07T03:12:00+00:00', 'actual_runway': '2023-12-07T03:12:00+00:00'}","{'airport': 'Shanghai Pudong International', 'timezone': 'Asia/Shanghai', 'iata': 'PVG', 'icao': 'ZSPD', 'terminal': '1', 'gate': None, 'baggage': None, 'delay': None, 'scheduled': '2023-12-07T05:20:00+00:00', 'estimated': '2023-12-07T05:20:00+00:00', 'actual': None, 'estimated_runway': None, 'actual_runway': None}","{'name': 'Atlas Air', 'iata': '5Y', 'icao': 'GTI'}","{'number': '7521', 'iata': '5Y7521', 'icao': 'GTI7521', 'codeshared': None}",,
2023-12-07,active,"{'airport': 'Wellington International', 'timezone': 'Pacific/Auckland', 'iata': 'WLG', 'icao': 'NZWN', 'terminal': None, 'gate': '22', 'delay': 18, 'scheduled': '2023-12-07T08:15:00+00:00', 'estimated': '2023-12-07T08:15:00+00:00', 'actual': '2023-12-07T08:32:00+00:00', 'estimated_runway': '2023-12-07T08:32:00+00:00', 'actual_runway': '2023-12-07T08:32:00+00:00'}","{'airport': 'Christchurch International', 'timezone': 'Pacific/Auckland', 'iata': 'CHC', 'icao': 'NZCH', 'terminal': 'D', 'gate': 'D21', 'baggage': None, 'delay': 2, 'scheduled': '2023-12-07T09:05:00+00:00', 'estimated': '2023-12-07T09:05:00+00:00', 'actual': None, 'estimated_runway': None, 'actual_runway': None}","{'name': 'Jetstar', 'iata': 'JQ', 'icao': 'JST'}","{'number': '287', 'iata': 'JQ287', 'icao': 'JST287', 'codeshared': None}",,
2023-12-07,active,"{'airport': 'Wellington International', 'timezone': 'Pacific/Auckland', 'iata': 'WLG', 'icao': 'NZWN', 'terminal': None, 'gate': '22', 'delay': 18, 'scheduled': '2023-12-07T08:15:00+00:00', 'estimated': '2023-12-07T08:15:00+00:00', 'actual': '2023-12-07T08:32:00+00:00', 'estimated_runway': '2023-12-07T08:32:00+00:00', 'actual_runway': '2023-12-07T08:32:00+00:00'}","{'airport': 'Christchurch International', 'timezone': 'Pacific/Auckland', 'iata': 'CHC', 'icao': 'NZCH', 'terminal': 'D', 'gate': 'D21', 'baggage': None, 'delay': 2, 'scheduled': '2023-12-07T09:05:00+00:00', 'estimated': '2023-12-07T09:05:00+00:00', 'actual': None, 'estimated_runway': None, 'actual_runway': None}","{'name': 'Fiji Airways', 'iata': 'FJ', 'icao': 'FJI'}","{'number': '5551', 'iata': 'FJ5551', 'icao': 'FJI5551', 'codeshared': {'airline_name': 'jetstar', 'airline_iata': 'jq', 'airline_icao': 'jst', 'flight_number': '287', 'flight_iata': 'jq287', 'flight_icao': 'jst287'}}",,
2023-12-07,active,"{'airport': 'Wellington International', 'timezone': 'Pacific/Auckland', 'iata': 'WLG', 'icao': 'NZWN', 'terminal': None, 'gate': '22', 'delay': 18, 'scheduled': '2023-12-07T08:15:00+00:00', 'estimated': '2023-12-07T08:15:00+00:00', 'actual': '2023-12-07T08:32:00+00:00', 'estimated_runway': '2023-12-07T08:32:00+00:00', 'actual_runway': '2023-12-07T08:32:00+00:00'}","{'airport': 'Christchurch International', 'timezone': 'Pacific/Auckland', 'iata': 'CHC', 'icao': 'NZCH', 'terminal': 'D', 'gate': 'D21', 'baggage': None, 'delay': 2, 'scheduled': '2023-12-07T09:05:00+00:00', 'estimated': '2023-12-07T09:05:00+00:00', 'actual': None, 'estimated_runway': None, 'actual_runway': None}","{'name': 'Qantas', 'iata': 'QF', 'icao': 'QFA'}","{'number': '4996', 'iata': 'QF4996', 'icao': 'QFA4996', 'codeshared': {'airline_name': 'jetstar', 'airline_iata': 'jq', 'airline_icao': 'jst', 'flight_number': '287', 'flight_iata': 'jq287', 'flight_icao': 'jst287'}}",,
2023-12-07,active,"{'airport': 'Christchurch International', 'timezone': 'Pacific/Auckland', 'iata': 'CHC', 'icao': 'NZCH', 'terminal': None, 'gate': 'D8', 'delay': 11, 'scheduled': '2023-12-07T08:45:00+00:00', 'estimated': '2023-12-07T08:45:00+00:00', 'actual': '2023-12-07T08:56:00+00:00', 'estimated_runway': '2023-12-07T08:56:00+00:00', 'actual_runway': '2023-12-07T08:56:00+00:00'}","{'airport': 'Invercargill', 'timezone': 'Pacific/Auckland', 'iata': 'IVC', 'icao': 'NZNV', 'terminal': None, 'gate': '2', 'baggage': None, 'delay': None, 'scheduled': '2023-12-07T10:10:00+00:00', 'estimated': '2023-12-07T10:10:00+00:00', 'actual': None, 'estimated_runway': None, 'actual_runway': None}","{'name': 'Air New Zealand', 'iata': 'NZ', 'icao': 'ANZ'}","{'number': '5719', 'iata': 'NZ5719', 'icao': 'ANZ5719', 'codeshared': None}",,
2023-12-07,active,"{'airport': 'Christchurch International', 'timezone': 'Pacific/Auckland', 'iata': 'CHC', 'icao': 'NZCH', 'terminal': None, 'gate': 'D8', 'delay': 11, 'scheduled': '2023-12-07T08:45:00+00:00', 'estimated': '2023-12-07T08:45:00+00:00', 'actual': '2023-12-07T08:56:00+00:00', 'estimated_runway': '2023-12-07T08:56:00+00:00', 'actual_runway': '2023-12-07T08:56:00+00:00'}","{'airport': 'Invercargill', 'timezone': 'Pacific/Auckland', 'iata': 'IVC', 'icao': 'NZNV', 'terminal': None, 'gate': '2', 'baggage': None, 'delay': None, 'scheduled': '2023-12-07T10:10:00+00:00', 'estimated': '2023-12-07T10:10:00+00:00', 'actual': None, 'estimated_runway': None, 'actual_runway': None}","{'name': 'Qantas', 'iata': 'QF', 'icao': 'QFA'}","{'number': '8615', 'iata': 'QF8615', 'icao': 'QFA8615', 'codeshared': {'airline_name': 'air new zealand', 'airline_iata': 'nz', 'airline_icao': 'anz', 'flight_number': '5719', 'flight_iata': 'nz5719', 'flight_icao': 'anz5719'}}",,
2023-12-07,active,"{'airport': 'Christchurch International', 'timezone': 'Pacific/Auckland', 'iata': 'CHC', 'icao': 'NZCH', 'terminal': None, 'gate': 'D6', 'delay': 4, 'scheduled': '2023-12-07T08:25:00+00:00', 'estimated': '2023-12-07T08:25:00+00:00', 'actual': '2023-12-07T08:28:00+00:00', 'estimated_runway': '2023-12-07T08:28:00+00:00', 'actual_runway': '2023-12-07T08:28:00+00:00'}","{'airport': 'Hamilton', 'timezone': 'Pacific/Auckland', 'iata': 'HLZ', 'icao': 'NZHN', 'terminal': None, 'gate': None, 'baggage': None, 'delay': None, 'scheduled': '2023-12-07T10:10:00+00:00', 'estimated': '2023-12-07T10:10:00+00:00', 'actual': None, 'estimated_runway': None, 'actual_runway': None}","{'name': 'Air New Zealand', 'iata': 'NZ', 'icao': 'ANZ'}","{'number': '5616', 'iata': 'NZ5616', 'icao': 'ANZ5616', 'codeshared': None}",,
2023-12-07,active,"{'airport': 'Christchurch International', 'timezone': 'Pacific/Auckland', 'iata': 'CHC', 'icao': 'NZCH', 'terminal': None, 'gate': 'D11', 'delay': 9, 'scheduled': '2023-12-07T08:15:00+00:00', 'estimated': '2023-12-07T08:15:00+00:00', 'actual': '2023-12-07T08:24:00+00:00', 'estimated_runway': '2023-12-07T08:24:00+00:00', 'actual_runway': '2023-12-07T08:24:00+00:00'}","{'airport': 'Palmerston North', 'timezone': 'Pacific/Auckland', 'iata': 'PMR', 'icao': 'NZPM', 'terminal': 'D', 'gate': None, 'baggage': None, 'delay': None, 'scheduled': '2023-12-07T09:35:00+00:00', 'estimated': '2023-12-07T09:35:00+00:00', 'actual': None, 'estimated_runway': None, 'actual_runway': None}","{'name': 'Air New Zealand', 'iata': 'NZ', 'icao': 'ANZ'}","{'number': '5178', 'iata': 'NZ5178', 'icao': 'ANZ5178', 'codeshared': None}",,
2023-12-07,active,"{'airport': 'Auckland International', 'timezone': 'Pacific/Auckland', 'iata': 'AKL', 'icao': 'NZAA', 'terminal': 'I', 'gate': '1', 'delay': 21, 'scheduled': '2023-12-07T07:30:00+00:00', 'estimated': '2023-12-07T07:30:00+00:00', 'actual': '2023-12-07T07:50:00+00:00', 'estimated_runway': '2023-12-07T07:50:00+00:00', 'actual_runway': '2023-12-07T07:50:00+00:00'}","{'airport': 'Perth International', 'timezone': 'Australia/Perth', 'iata': 'PER', 'icao': 'YPPH', 'terminal': '1', 'gate': None, 'baggage': None, 'delay': None, 'scheduled': '2023-12-07T10:10:00+00:00', 'estimated': '2023-12-07T10:10:00+00:00', 'actual': None, 'estimated_runway': None, 'actual_runway': None}","{'name': 'Batik Air', 'iata': 'ID', 'icao': 'BTK'}","{'number': '196', 'iata': 'ID196', 'icao': 'BTK196', 'codeshared': None}",,
2023-12-07,active,"{'airport': 'Suvarnabhumi International', 'timezone': 'Asia/Bangkok', 'iata': 'BKK', 'icao': 'VTBS', 'terminal': None, 'gate': None, 'delay': 36, 'scheduled': '2023-12-07T00:05:00+00:00', 'estimated': '2023-12-07T00:05:00+00:00', 'actual': '2023-12-07T00:41:00+00:00', 'estimated_runway': '2023-12-07T00:41:00+00:00', 'actual_runway': '2023-12-07T00:41:00+00:00'}","{'airport': 'Chu-Bu Centrair International (Central Japan International)', 'timezone': 'Asia/Tokyo', 'iata': 'NGO', 'icao': 'RJGG', 'terminal': '1', 'gate': None, 'baggage': None, 'delay': 5, 'scheduled': '2023-12-07T07:30:00+00:00', 'estimated': '2023-12-07T07:30:00+00:00', 'actual': None, 'estimated_runway': None, 'actual_runway': None}","{'name': 'ANA', 'iata': 'NH', 'icao': 'ANA'}","{'number': '5958', 'iata': 'NH5958', 'icao': 'ANA5958', 'codeshared': {'airline_name': 'thai airways international', 'airline_iata': 'tg', 'airline_icao': 'tha', 'flight_number': '644', 'flight_iata': 'tg644', 'flight_icao': 'tha644'}}",,
2023-12-07,active,"{'airport': 'Netaji Subhas Chandra', 'timezone': 'Asia/Kolkata', 'iata': 'CCU', 'icao': 'VECC', 'terminal': None, 'gate': None, 'delay': 12, 'scheduled': '2023-12-07T00:20:00+00:00', 'estimated': '2023-12-07T00:20:00+00:00', 'actual': '2023-12-07T00:31:00+00:00', 'estimated_runway': '2023-12-07T00:31:00+00:00', 'actual_runway': '2023-12-07T00:31:00+00:00'}","{'airport': 'Kuala Lumpur International Airport (klia)', 'timezone': 'Asia/Kuala_Lumpur', 'iata': 'KUL', 'icao': 'WMKK', 'terminal': '1', 'gate': None, 'baggage': None, 'delay': 6, 'scheduled': '2023-12-07T06:35:00+00:00', 'estimated': '2023-12-07T06:35:00+00:00', 'actual': None, 'estimated_runway': None, 'actual_runway': None}","{'name': 'Batik Air', 'iata': 'ID', 'icao': 'BTK'}","{'number': '282', 'iata': 'ID282', 'icao': 'BTK282', 'codeshared': None}",,
2023-12-07,active,"{'airport': 'Soekarno-Hatta International', 'timezone': 'Asia/Jakarta', 'iata': 'CGK', 'icao': 'WIII', 'terminal': '3', 'gate': '9', 'delay': 7, 'scheduled': '2023-12-07T00:40:00+00:00', 'estimated': '2023-12-07T00:40:00+00:00', 'actual': '2023-12-07T00:46:00+00:00', 'estimated_runway': '2023-12-07T00:46:00+00:00', 'actual_runway': '2023-12-07T00:46:00+00:00'}","{'airport': 'Abu Dhabi International', 'timezone': 'Asia/Dubai', 'iata': 'AUH', 'icao': 'OMAA', 'terminal': 'A', 'gate': 'C34', 'baggage': None, 'delay': 3, 'scheduled': '2023-12-07T05:50:00+00:00', 'estimated': '2023-12-07T05:50:00+00:00', 'actual': None, 'estimated_runway': None, 'actual_runway': None}","{'name': 'flynas', 'iata': 'XY', 'icao': 'KNE'}","{'number': '3471', 'iata': 'XY3471', 'icao': 'KNE3471', 'codeshared': {'airline_name': 'wamos air', 'airline_iata': 'eb', 'airline_icao': 'plm', 'flight_number': '471', 'flight_iata': 'eb471', 'flight_icao': 'plm471'}}",,
2023-12-07,active,"{'airport': 'Soekarno-Hatta International', 'timezone': 'Asia/Jakarta', 'iata': 'CGK', 'icao': 'WIII', 'terminal': '3', 'gate': '9', 'delay': 7, 'scheduled': '2023-12-07T00:40:00+00:00', 'estimated': '2023-12-07T00:40:00+00:00', 'actual': '2023-12-07T00:46:00+00:00', 'estimated_runway': '2023-12-07T00:46:00+00:00', 'actual_runway': '2023-12-07T00:46:00+00:00'}","{'airport': 'Abu Dhabi International', 'timezone': 'Asia/Dubai', 'iata': 'AUH', 'icao': 'OMAA', 'terminal': 'A', 'gate': 'C34', 'baggage': None, 'delay': 3, 'scheduled': '2023-12-07T05:50:00+00:00', 'estimated': '2023-12-07T05:50:00+00:00', 'actual': None, 'estimated_runway': None, 'actual_runway': None}","{'name': 'EgyptAir', 'iata': 'MS', 'icao': 'MSR'}","{'number': '8133', 'iata': 'MS8133', 'icao': 'MSR8133', 'codeshared': {'airline_name': 'wamos air', 'airline_iata': 'eb', 'airline_icao': 'plm', 'flight_number': '471', 'flight_iata': 'eb471', 'flight_icao': 'plm471'}}",,
2023-12-07,active,"{'airport': 'Soekarno-Hatta International', 'timezone': 'Asia/Jakarta', 'iata': 'CGK', 'icao': 'WIII', 'terminal': '3', 'gate': '9', 'delay': 7, 'scheduled': '2023-12-07T00:40:00+00:00', 'estimated': '2023-12-07T00:40:00+00:00', 'actual': '2023-12-07T00:46:00+00:00', 'estimated_runway': '2023-12-07T00:46:00+00:00', 'actual_runway': '2023-12-07T00:46:00+00:00'}","{'airport': 'Abu Dhabi International', 'timezone': 'Asia/Dubai', 'iata': 'AUH', 'icao': 'OMAA', 'terminal': 'A', 'gate': 'C34', 'baggage': None, 'delay': 3, 'scheduled': '2023-12-07T05:50:00+00:00', 'estimated': '2023-12-07T05:50:00+00:00', 'actual': None, 'estimated_runway': None, 'actual_runway': None}","{'name': 'Garuda Indonesia', 'iata': 'GA', 'icao': 'GIA'}","{'number': '9045', 'iata': 'GA9045', 'icao': 'GIA9045', 'codeshared': {'airline_name': 'wamos air', 'airline_iata': 'eb', 'airline_icao': 'plm', 'flight_number': '471', 'flight_iata': 'eb471', 'flight_icao': 'plm471'}}",,
2023-12-07,active,"{'airport': 'Soekarno-Hatta International', 'timezone': 'Asia/Jakarta', 'iata': 'CGK', 'icao': 'WIII', 'terminal': '3', 'gate': '9', 'delay': 7, 'scheduled': '2023-12-07T00:40:00+00:00', 'estimated': '2023-12-07T00:40:00+00:00', 'actual': '2023-12-07T00:46:00+00:00', 'estimated_runway': '2023-12-07T00:46:00+00:00', 'actual_runway': '2023-12-07T00:46:00+00:00'}","{'airport': 'Abu Dhabi International', 'timezone': 'Asia/Dubai', 'iata': 'AUH', 'icao': 'OMAA', 'terminal': 'A', 'gate': 'C34', 'baggage': None, 'delay': 3, 'scheduled': '2023-12-07T05:50:00+00:00', 'estimated': '2023-12-07T05:50:00+00:00', 'actual': None, 'estimated_runway': None, 'actual_runway': None}","{'name': 'Air France', 'iata': 'AF', 'icao': 'AFR'}","{'number': '3970', 'iata': 'AF3970', 'icao': 'AFR3970', 'codeshared': {'airline_name': 'wamos air', 'airline_iata': 'eb', 'airline_icao': 'plm', 'flight_number': '471', 'flight_iata': 'eb471', 'flight_icao': 'plm471'}}",,
2023-12-07,active,"{'airport': 'Soekarno-Hatta International', 'timezone': 'Asia/Jakarta', 'iata': 'CGK', 'icao': 'WIII', 'terminal': '3', 'gate': None, 'delay': 13, 'scheduled': '2023-12-07T00:15:00+00:00', 'estimated': '2023-12-07T00:15:00+00:00', 'actual': '2023-12-07T00:28:00+00:00', 'estimated_runway': '2023-12-07T00:28:00+00:00', 'actual_runway': '2023-12-07T00:28:00+00:00'}","{'airport': 'Shanghai Pudong International', 'timezone': 'Asia/Shanghai', 'iata': 'PVG', 'icao': 'ZSPD', 'terminal': '2', 'gate': None, 'baggage': '28', 'delay': 16, 'scheduled': '2023-12-07T07:10:00+00:00', 'estimated': '2023-12-07T07:10:00+00:00', 'actual': None, 'estimated_runway': None, 'actual_runway': None}","{'name': 'China Eastern Airlines', 'iata': 'MU', 'icao': 'CES'}","{'number': '8998', 'iata': 'MU8998', 'icao': 'CES8998', 'codeshared': {'airline_name': 'garuda indonesia', 'airline_iata': 'ga', 'airline_icao': 'gia', 'flight_number': '894', 'flight_iata': 'ga894', 'flight_icao': 'gia894'}}",,
2023-12-07,active,"{'airport': 'Hobart', 'timezone': 'Australia/Hobart', 'iata': 'HBA', 'icao': 'YMHB', 'terminal': 'D', 'gate': None, 'delay': 27, 'scheduled': '2023-12-07T06:10:00+00:00', 'estimated': '2023-12-07T06:10:00+00:00', 'actual': '2023-12-07T06:36:00+00:00', 'estimated_runway': '2023-12-07T06:36:00+00:00', 'actual_runway': '2023-12-07T06:36:00+00:00'}","{'airport': 'Sydney Kingsford Smith Airport', 'timezone': 'Australia/Sydney', 'iata': 'SYD', 'icao': 'YSSY', 'terminal': '3', 'gate': '8', 'baggage': 'QFR', 'delay': 11, 'scheduled': '2023-12-07T08:05:00+00:00', 'estimated': '2023-12-07T08:05:00+00:00', 'actual': None, 'estimated_runway': None, 'actual_runway': None}","{'name': 'Qantas', 'iata': 'QF', 'icao': 'QFA'}","{'number': '1536', 'iata': 'QF1536', 'icao': 'QFA1536', 'codeshared': None}",,
2023-12-07,active,"{'airport': 'Hobart', 'timezone': 'Australia/Hobart', 'iata': 'HBA', 'icao': 'YMHB', 'terminal': 'D', 'gate': '3', 'delay': 4, 'scheduled': '2023-12-07T06:35:00+00:00', 'estimated': '2023-12-07T06:35:00+00:00', 'actual': '2023-12-07T06:39:00+00:00', 'estimated_runway': '2023-12-07T06:39:00+00:00', 'actual_runway': '2023-12-07T06:39:00+00:00'}","{'airport': 'Melbourne - Tullamarine Airport', 'timezone': 'Australia/Melbourne', 'iata': 'MEL', 'icao': 'YMML', 'terminal': '3', 'gate': '2', 'baggage': None, 'delay': None, 'scheduled': '2023-12-07T07:50:00+00:00', 'estimated': '2023-12-07T07:50:00+00:00', 'actual': None, 'estimated_runway': None, 'actual_runway': None}","{'name': 'Etihad Airways', 'iata': 'EY', 'icao': 'ETD'}","{'number': '6619', 'iata': 'EY6619', 'icao': 'ETD6619', 'codeshared': {'airline_name': 'virgin australia', 'airline_iata': 'va', 'airline_icao': 'voz', 'flight_number': '1313', 'flight_iata': 'va1313', 'flight_icao': 'voz1313'}}",,
2023-12-07,active,"{'airport': 'Hobart', 'timezone': 'Australia/Hobart', 'iata': 'HBA', 'icao': 'YMHB', 'terminal': 'D', 'gate': '3', 'delay': 4, 'scheduled': '2023-12-07T06:35:00+00:00', 'estimated': '2023-12-07T06:35:00+00:00', 'actual': '2023-12-07T06:39:00+00:00', 'estimated_runway': '2023-12-07T06:39:00+00:00', 'actual_runway': '2023-12-07T06:39:00+00:00'}","{'airport': 'Melbourne - Tullamarine Airport', 'timezone': 'Australia/Melbourne', 'iata': 'MEL', 'icao': 'YMML', 'terminal': '3', 'gate': '2', 'baggage': None, 'delay': None, 'scheduled': '2023-12-07T07:50:00+00:00', 'estimated': '2023-12-07T07:50:00+00:00', 'actual': None, 'estimated_runway': None, 'actual_runway': None}","{'name': 'Singapore Airlines', 'iata': 'SQ', 'icao': 'SIA'}","{'number': '6579', 'iata': 'SQ6579', 'icao': 'SIA6579', 'codeshared': {'airline_name': 'virgin australia', 'airline_iata': 'va', 'airline_icao': 'voz', 'flight_number': '1313', 'flight_iata': 'va1313', 'flight_icao': 'voz1313'}}",,
2023-12-07,active,"{'airport': 'Auckland International', 'timezone': 'Pacific/Auckland', 'iata': 'AKL', 'icao': 'NZAA', 'terminal': 'I', 'gate': '10', 'delay': 11, 'scheduled': '2023-12-07T01:20:00+00:00', 'estimated': '2023-12-07T01:20:00+00:00', 'actual': '2023-12-07T01:30:00+00:00', 'estimated_runway': '2023-12-07T01:30:00+00:00', 'actual_runway': '2023-12-07T01:30:00+00:00'}","{'airport': 'Singapore Changi', 'timezone': 'Asia/Singapore', 'iata': 'SIN', 'icao': 'WSSS', 'terminal': '1', 'gate': None, 'baggage': None, 'delay': 11, 'scheduled': '2023-12-07T06:45:00+00:00', 'estimated': '2023-12-07T06:45:00+00:00', 'actual': None, 'estimated_runway': None, 'actual_runway': None}","{'name': 'Singapore Airlines', 'iata': 'SQ', 'icao': 'SIA'}","{'number': '282', 'iata': 'SQ282', 'icao': 'SIA282', 'codeshared': None}",,
2023-12-07,active,"{'airport': 'Auckland International', 'timezone': 'Pacific/Auckland', 'iata': 'AKL', 'icao': 'NZAA', 'terminal': 'I', 'gate': '10', 'delay': 11, 'scheduled': '2023-12-07T01:20:00+00:00', 'estimated': '2023-12-07T01:20:00+00:00', 'actual': '2023-12-07T01:30:00+00:00', 'estimated_runway': '2023-12-07T01:30:00+00:00', 'actual_runway': '2023-12-07T01:30:00+00:00'}","{'airport': 'Singapore Changi', 'timezone': 'Asia/Singapore', 'iata': 'SIN', 'icao': 'WSSS', 'terminal': '1', 'gate': None, 'baggage': None, 'delay': 11, 'scheduled': '2023-12-07T06:45:00+00:00', 'estimated': '2023-12-07T06:45:00+00:00', 'actual': None, 'estimated_runway': None, 'actual_runway': None}","{'name': 'Vistara', 'iata': 'UK', 'icao': 'VTI'}","{'number': '8282', 'iata': 'UK8282', 'icao': 'VTI8282', 'codeshared': {'airline_name': 'singapore airlines', 'airline_iata': 'sq', 'airline_icao': 'sia', 'flight_number': '282', 'flight_iata': 'sq282', 'flight_icao': 'sia282'}}",,
2023-12-07,active,"{'airport': 'Auckland International', 'timezone': 'Pacific/Auckland', 'iata': 'AKL', 'icao': 'NZAA', 'terminal': 'I', 'gate': '10', 'delay': 11, 'scheduled': '2023-12-07T01:20:00+00:00', 'estimated': '2023-12-07T01:20:00+00:00', 'actual': '2023-12-07T01:30:00+00:00', 'estimated_runway': '2023-12-07T01:30:00+00:00', 'actual_runway': '2023-12-07T01:30:00+00:00'}","{'airport': 'Singapore Changi', 'timezone': 'Asia/Singapore', 'iata': 'SIN', 'icao': 'WSSS', 'terminal': '1', 'gate': None, 'baggage': None, 'delay': 11, 'scheduled': '2023-12-07T06:45:00+00:00', 'estimated': '2023-12-07T06:45:00+00:00', 'actual': None, 'estimated_runway': None, 'actual_runway': None}","{'name': 'Air New Zealand', 'iata': 'NZ', 'icao': 'ANZ'}","{'number': '3282', 'iata': 'NZ3282', 'icao': 'ANZ3282', 'codeshared': {'airline_name': 'singapore airlines', 'airline_iata': 'sq', 'airline_icao': 'sia', 'flight_number': '282', 'flight_iata': 'sq282', 'flight_icao': 'sia282'}}",,
2023-12-07,active,"{'airport': 'Auckland International', 'timezone': 'Pacific/Auckland', 'iata': 'AKL', 'icao': 'NZAA', 'terminal': 'I', 'gate': '10', 'delay': 11, 'scheduled': '2023-12-07T01:20:00+00:00', 'estimated': '2023-12-07T01:20:00+00:00', 'actual': '2023-12-07T01:30:00+00:00', 'estimated_runway': '2023-12-07T01:30:00+00:00', 'actual_runway': '2023-12-07T01:30:00+00:00'}","{'airport': 'Singapore Changi', 'timezone': 'Asia/Singapore', 'iata': 'SIN', 'icao': 'WSSS', 'terminal': '1', 'gate': None, 'baggage': None, 'delay': 11, 'scheduled': '2023-12-07T06:45:00+00:00', 'estimated': '2023-12-07T06:45:00+00:00', 'actual': None, 'estimated_runway': None, 'actual_runway': None}","{'name': 'SWISS', 'iata': 'LX', 'icao': 'SWR'}","{'number': '9003', 'iata': 'LX9003', 'icao': 'SWR9003', 'codeshared': {'airline_name': 'singapore airlines', 'airline_iata': 'sq', 'airline_icao': 'sia', 'flight_number': '282', 'flight_iata': 'sq282', 'flight_icao': 'sia282'}}",,
2023-12-07,active,"{'airport': 'Auckland International', 'timezone': 'Pacific/Auckland', 'iata': 'AKL', 'icao': 'NZAA', 'terminal': 'I', 'gate': '10', 'delay': 11, 'scheduled': '2023-12-07T01:20:00+00:00', 'estimated': '2023-12-07T01:20:00+00:00', 'actual': '2023-12-07T01:30:00+00:00', 'estimated_runway': '2023-12-07T01:30:00+00:00', 'actual_runway': '2023-12-07T01:30:00+00:00'}","{'airport': 'Singapore Changi', 'timezone': 'Asia/Singapore', 'iata': 'SIN', 'icao': 'WSSS', 'terminal': '1', 'gate': None, 'baggage': None, 'delay': 11, 'scheduled': '2023-12-07T06:45:00+00:00', 'estimated': '2023-12-07T06:45:00+00:00', 'actual': None, 'estimated_runway': None, 'actual_runway': None}","{'name': 'Lufthansa', 'iata': 'LH', 'icao': 'DLH'}","{'number': '9753', 'iata': 'LH9753', 'icao': 'DLH9753', 'codeshared': {'airline_name': 'singapore airlines', 'airline_iata': 'sq', 'airline_icao': 'sia', 'flight_number': '282', 'flight_iata': 'sq282', 'flight_icao': 'sia282'}}",,
2023-12-07,active,"{'airport': 'Phuket International', 'timezone': 'Asia/Bangkok', 'iata': 'HKT', 'icao': 'VTSP', 'terminal': 'I', 'gate': 'G', 'delay': None, 'scheduled': '2023-12-07T00:20:00+00:00', 'estimated': '2023-12-07T00:20:00+00:00', 'actual': '2023-12-07T00:17:00+00:00', 'estimated_runway': '2023-12-07T00:17:00+00:00', 'actual_runway': '2023-12-07T00:17:00+00:00'}","{'airport': 'Shanghai Pudong International', 'timezone': 'Asia/Shanghai', 'iata': 'PVG', 'icao': 'ZSPD', 'terminal': '1', 'gate': None, 'baggage': '18', 'delay': None, 'scheduled': '2023-12-07T05:55:00+00:00', 'estimated': '2023-12-07T05:55:00+00:00', 'actual': None, 'estimated_runway': None, 'actual_runway': None}","{'name': 'Shanghai Airlines', 'iata': 'FM', 'icao': 'CSH'}","{'number': '832', 'iata': 'FM832', 'icao': 'CSH832', 'codeshared': None}","{'registration': 'B-1721', 'iata': 'B738', 'icao': 'B738', 'icao24': '780D2E'}","{'updated': '2023-12-06T18:55:43+00:00', 'latitude': 16.8575, 'longitude': 105.246, 'altitude': 11277.6, 'direction': 57, 'speed_horizontal': 829.696, 'speed_vertical': 0, 'is_ground': False}"
2023-12-07,active,"{'airport': 'Dunedin International', 'timezone': 'Pacific/Auckland', 'iata': 'DUD', 'icao': 'NZDN', 'terminal': None, 'gate': '8', 'delay': None, 'scheduled': '2023-12-07T08:05:00+00:00', 'estimated': '2023-12-07T08:05:00+00:00', 'actual': '2023-12-07T08:03:00+00:00', 'estimated_runway': '2023-12-07T08:03:00+00:00', 'actual_runway': '2023-12-07T08:03:00+00:00'}","{'airport': 'Christchurch International', 'timezone': 'Pacific/Auckland', 'iata': 'CHC', 'icao': 'NZCH', 'terminal': 'D', 'gate': 'D14', 'baggage': None, 'delay': None, 'scheduled': '2023-12-07T09:10:00+00:00', 'estimated': '2023-12-07T09:10:00+00:00', 'actual': None, 'estimated_runway': None, 'actual_runway': None}","{'name': 'Air New Zealand', 'iata': 'NZ', 'icao': 'ANZ'}","{'number': '5758', 'iata': 'NZ5758', 'icao': 'ANZ5758', 'codeshared': None}",,
2023-12-07,active,"{'airport': 'Dunedin International', 'timezone': 'Pacific/Auckland', 'iata': 'DUD', 'icao': 'NZDN', 'terminal': None, 'gate': '8', 'delay': None, 'scheduled': '2023-12-07T08:05:00+00:00', 'estimated': '2023-12-07T08:05:00+00:00', 'actual': '2023-12-07T08:03:00+00:00', 'estimated_runway': '2023-12-07T08:03:00+00:00', 'actual_runway': '2023-12-07T08:03:00+00:00'}","{'airport': 'Christchurch International', 'timezone': 'Pacific/Auckland', 'iata': 'CHC', 'icao': 'NZCH', 'terminal': 'D', 'gate': 'D14', 'baggage': None, 'delay': None, 'scheduled': '2023-12-07T09:10:00+00:00', 'estimated': '2023-12-07T09:10:00+00:00', 'actual': None, 'estimated_runway': None, 'actual_runway': None}","{'name': 'Singapore Airlines', 'iata': 'SQ', 'icao': 'SIA'}","{'number': '4500', 'iata': 'SQ4500', 'icao': 'SIA4500', 'codeshared': {'airline_name': 'air new zealand', 'airline_iata': 'nz', 'airline_icao': 'anz', 'flight_number': '5758', 'flight_iata': 'nz5758', 'flight_icao': 'anz5758'}}",,
2023-12-07,active,"{'airport': 'Dunedin International', 'timezone': 'Pacific/Auckland', 'iata': 'DUD', 'icao': 'NZDN', 'terminal': None, 'gate': '8', 'delay': None, 'scheduled': '2023-12-07T08:05:00+00:00', 'estimated': '2023-12-07T08:05:00+00:00', 'actual': '2023-12-07T08:03:00+00:00', 'estimated_runway': '2023-12-07T08:03:00+00:00', 'actual_runway': '2023-12-07T08:03:00+00:00'}","{'airport': 'Christchurch International', 'timezone': 'Pacific/Auckland', 'iata': 'CHC', 'icao': 'NZCH', 'terminal': 'D', 'gate': 'D14', 'baggage': None, 'delay': None, 'scheduled': '2023-12-07T09:10:00+00:00', 'estimated': '2023-12-07T09:10:00+00:00', 'actual': None, 'estimated_runway': None, 'actual_runway': None}","{'name': 'Etihad Airways', 'iata': 'EY', 'icao': 'ETD'}","{'number': '4530', 'iata': 'EY4530', 'icao': 'ETD4530', 'codeshared': {'airline_name': 'air new zealand', 'airline_iata': 'nz', 'airline_icao': 'anz', 'flight_number': '5758', 'flight_iata': 'nz5758', 'flight_icao': 'anz5758'}}",,
2023-12-07,active,"{'airport': 'Beijing Daxing International Airport', 'timezone': '+8', 'iata': 'PKX', 'icao': 'ZBAD', 'terminal': None, 'gate': None, 'delay': 21, 'scheduled': '2023-12-07T02:20:00+00:00', 'estimated': '2023-12-07T02:20:00+00:00', 'actual': '2023-12-07T02:41:00+00:00', 'estimated_runway': '2023-12-07T02:41:00+00:00', 'actual_runway': '2023-12-07T02:41:00+00:00'}","{'airport': 'Vladivostok', 'timezone': 'Asia/Vladivostok', 'iata': 'VVO', 'icao': 'UHWW', 'terminal': 'A', 'gate': None, 'baggage': None, 'delay': 3, 'scheduled': '2023-12-07T06:45:00+00:00', 'estimated': '2023-12-07T06:45:00+00:00', 'actual': None, 'estimated_runway': None, 'actual_runway': None}","{'name': 'Aurora', 'iata': 'HZ', 'icao': 'SHU'}","{'number': '5469', 'iata': 'HZ5469', 'icao': 'SHU5469', 'codeshared': None}",,
2023-12-07,active,"{'airport': 'Phuket International', 'timezone': 'Asia/Bangkok', 'iata': 'HKT', 'icao': 'VTSP', 'terminal': 'I', 'gate': 'G', 'delay': None, 'scheduled': '2023-12-07T00:20:00+00:00', 'estimated': '2023-12-07T00:20:00+00:00', 'actual': '2023-12-07T00:17:00+00:00', 'estimated_runway': '2023-12-07T00:17:00+00:00', 'actual_runway': '2023-12-07T00:17:00+00:00'}","{'airport': 'Shanghai Pudong International', 'timezone': 'Asia/Shanghai', 'iata': 'PVG', 'icao': 'ZSPD', 'terminal': '1', 'gate': None, 'baggage': '18', 'delay': None, 'scheduled': '2023-12-07T05:55:00+00:00', 'estimated': '2023-12-07T05:55:00+00:00', 'actual': None, 'estimated_runway': None, 'actual_runway': None}","{'name': 'China Eastern Airlines', 'iata': 'MU', 'icao': 'CES'}","{'number': '8618', 'iata': 'MU8618', 'icao': 'CES8618', 'codeshared': {'airline_name': 'shanghai airlines', 'airline_iata': 'fm', 'airline_icao': 'csh', 'flight_number': '832', 'flight_iata': 'fm832', 'flight_icao': 'csh832'}}",,
2023-12-07,active,"{'airport': 'Brisbane International', 'timezone': 'Australia/Brisbane', 'iata': 'BNE', 'icao': 'YBBN', 'terminal': 'D', 'gate': '18', 'delay': 10, 'scheduled': '2023-12-07T05:00:00+00:00', 'estimated': '2023-12-07T05:00:00+00:00', 'actual': '2023-12-07T05:10:00+00:00', 'estimated_runway': '2023-12-07T05:10:00+00:00', 'actual_runway': '2023-12-07T05:10:00+00:00'}","{'airport': 'Sydney Kingsford Smith Airport', 'timezone': 'Australia/Sydney', 'iata': 'SYD', 'icao': 'YSSY', 'terminal': '3', 'gate': '6', 'baggage': 'QFR', 'delay': None, 'scheduled': '2023-12-07T07:35:00+00:00', 'estimated': '2023-12-07T07:35:00+00:00', 'actual': None, 'estimated_runway': None, 'actual_runway': None}","{'name': 'LATAM Airlines', 'iata': 'LA', 'icao': 'LAN'}","{'number': '5901', 'iata': 'LA5901', 'icao': 'LAN5901', 'codeshared': {'airline_name': 'qantas', 'airline_iata': 'qf', 'airline_icao': 'qfa', 'flight_number': '501', 'flight_iata': 'qf501', 'flight_icao': 'qfa501'}}",,
2023-12-07,active,"{'airport': 'Soekarno-Hatta International', 'timezone': 'Asia/Jakarta', 'iata': 'CGK', 'icao': 'WIII', 'terminal': '1', 'gate': None, 'delay': 18, 'scheduled': '2023-12-07T02:00:00+00:00', 'estimated': '2023-12-07T02:00:00+00:00', 'actual': '2023-12-07T02:17:00+00:00', 'estimated_runway': '2023-12-07T02:17:00+00:00', 'actual_runway': '2023-12-07T02:17:00+00:00'}","{'airport': 'Hasanudin', 'timezone': 'Asia/Makassar', 'iata': 'UPG', 'icao': 'WAAA', 'terminal': 'D', 'gate': None, 'baggage': '4', 'delay': None, 'scheduled': '2023-12-07T05:30:00+00:00', 'estimated': '2023-12-07T05:30:00+00:00', 'actual': None, 'estimated_runway': None, 'actual_runway': None}","{'name': 'Lion Air', 'iata': 'JT', 'icao': 'LNI'}","{'number': '898', 'iata': 'JT898', 'icao': 'LNI898', 'codeshared': None}",,
2023-12-07,active,"{'airport': 'Auckland International', 'timezone': 'Pacific/Auckland', 'iata': 'AKL', 'icao': 'NZAA', 'terminal': 'I', 'gate': '1', 'delay': 21, 'scheduled': '2023-12-07T07:30:00+00:00', 'estimated': '2023-12-07T07:30:00+00:00', 'actual': '2023-12-07T07:50:00+00:00', 'estimated_runway': '2023-12-07T07:50:00+00:00', 'actual_runway': '2023-12-07T07:50:00+00:00'}","{'airport': 'Perth International', 'timezone': 'Australia/Perth', 'iata': 'PER', 'icao': 'YPPH', 'terminal': '1', 'gate': None, 'baggage': None, 'delay': None, 'scheduled': '2023-12-07T10:10:00+00:00', 'estimated': '2023-12-07T10:10:00+00:00', 'actual': None, 'estimated_runway': None, 'actual_runway': None}","{'name': 'Turkish Airlines', 'iata': 'TK', 'icao': 'THY'}","{'number': '9432', 'iata': 'TK9432', 'icao': 'THY9432', 'codeshared': {'airline_name': 'batik air', 'airline_iata': 'id', 'airline_icao': 'btk', 'flight_number': '196', 'flight_iata': 'id196', 'flight_icao': 'btk196'}}",,
2023-12-07,active,"{'airport': 'Phnom Penh International', 'timezone': 'Asia/Phnom_Penh', 'iata': 'PNH', 'icao': 'VDPP', 'terminal': None, 'gate': '6', 'delay': 19, 'scheduled': '2023-12-07T00:15:00+00:00', 'estimated': '2023-12-07T00:15:00+00:00', 'actual': '2023-12-07T00:33:00+00:00', 'estimated_runway': '2023-12-07T00:33:00+00:00', 'actual_runway': '2023-12-07T00:33:00+00:00'}","{'airport': 'Shanghai Pudong International', 'timezone': 'Asia/Shanghai', 'iata': 'PVG', 'icao': 'ZSPD', 'terminal': '1', 'gate': None, 'baggage': '12', 'delay': 4, 'scheduled': '2023-12-07T05:20:00+00:00', 'estimated': '2023-12-07T05:20:00+00:00', 'actual': None, 'estimated_runway': None, 'actual_runway': None}","{'name': 'China Eastern Airlines', 'iata': 'MU', 'icao': 'CES'}","{'number': '760', 'iata': 'MU760', 'icao': 'CES760', 'codeshared': None}",,
2023-12-07,active,"{'airport': 'Auckland International', 'timezone': 'Pacific/Auckland', 'iata': 'AKL', 'icao': 'NZAA', 'terminal': 'D', 'gate': '28', 'delay': 3, 'scheduled': '2023-12-07T07:05:00+00:00', 'estimated': '2023-12-07T07:05:00+00:00', 'actual': '2023-12-07T07:08:00+00:00', 'estimated_runway': '2023-12-07T07:08:00+00:00', 'actual_runway': '2023-12-07T07:08:00+00:00'}","{'airport': 'Dunedin International', 'timezone': 'Pacific/Auckland', 'iata': 'DUD', 'icao': 'NZDN', 'terminal': None, 'gate': '9', 'baggage': None, 'delay': None, 'scheduled': '2023-12-07T09:00:00+00:00', 'estimated': '2023-12-07T09:00:00+00:00', 'actual': None, 'estimated_runway': None, 'actual_runway': None}","{'name': 'EVA Air', 'iata': 'BR', 'icao': 'EVA'}","{'number': '3239', 'iata': 'BR3239', 'icao': 'EVA3239', 'codeshared': {'airline_name': 'air new zealand', 'airline_iata': 'nz', 'airline_icao': 'anz', 'flight_number': '671', 'flight_iata': 'nz671', 'flight_icao': 'anz671'}}",,
2023-12-07,active,"{'airport': 'Netaji Subhas Chandra', 'timezone': 'Asia/Kolkata', 'iata': 'CCU', 'icao': 'VECC', 'terminal': None, 'gate': None, 'delay': None, 'scheduled': '2023-12-07T01:10:00+00:00', 'estimated': '2023-12-07T01:10:00+00:00', 'actual': '2023-12-07T01:06:00+00:00', 'estimated_runway': '2023-12-07T01:06:00+00:00', 'actual_runway': '2023-12-07T01:06:00+00:00'}","{'airport': 'Lohegaon', 'timezone': 'Asia/Kolkata', 'iata': 'PNQ', 'icao': 'VAPO', 'terminal': '3', 'gate': None, 'baggage': None, 'delay': None, 'scheduled': '2023-12-07T03:50:00+00:00', 'estimated': '2023-12-07T03:50:00+00:00', 'actual': None, 'estimated_runway': None, 'actual_runway': None}","{'name': 'IndiGo', 'iata': '6E', 'icao': 'IGO'}","{'number': '6472', 'iata': '6E6472', 'icao': 'IGO6472', 'codeshared': None}",,
2023-12-07,active,"{'airport': 'Islamabad International', 'timezone': 'Asia/Karachi', 'iata': 'ISB', 'icao': 'OPIS', 'terminal': None, 'gate': None, 'delay': 33, 'scheduled': '2023-12-07T00:15:00+00:00', 'estimated': '2023-12-07T00:15:00+00:00', 'actual': '2023-12-07T00:47:00+00:00', 'estimated_runway': '2023-12-07T00:47:00+00:00', 'actual_runway': '2023-12-07T00:47:00+00:00'}","{'airport': 'Abu Dhabi International', 'timezone': 'Asia/Dubai', 'iata': 'AUH', 'icao': 'OMAA', 'terminal': 'A', 'gate': 'C32', 'baggage': None, 'delay': None, 'scheduled': '2023-12-07T03:00:00+00:00', 'estimated': '2023-12-07T03:00:00+00:00', 'actual': None, 'estimated_runway': None, 'actual_runway': None}","{'name': 'Pakistan International Airlines', 'iata': 'PK', 'icao': 'PIA'}","{'number': '261', 'iata': 'PK261', 'icao': 'PIA261', 'codeshared': None}",,
2023-12-07,active,"{'airport': 'Cairns', 'timezone': 'Australia/Brisbane', 'iata': 'CNS', 'icao': 'YBCS', 'terminal': None, 'gate': None, 'delay': 2, 'scheduled': '2023-12-07T06:05:00+00:00', 'estimated': '2023-12-07T06:05:00+00:00', 'actual': '2023-12-07T06:07:00+00:00', 'estimated_runway': '2023-12-07T06:07:00+00:00', 'actual_runway': '2023-12-07T06:07:00+00:00'}","{'airport': 'Cairns', 'timezone': 'Australia/Brisbane', 'iata': 'CNS', 'icao': 'YBCS', 'terminal': '1', 'gate': None, 'baggage': None, 'delay': None, 'scheduled': '2023-12-07T06:25:00+00:00', 'estimated': '2023-12-07T06:25:00+00:00', 'actual': None, 'estimated_runway': None, 'actual_runway': None}","{'name': 'empty', 'iata': None, 'icao': None}","{'number': None, 'iata': None, 'icao': None, 'codeshared': None}",,
2023-12-07,active,"{'airport': 'Singapore Changi', 'timezone': 'Asia/Singapore', 'iata': 'SIN', 'icao': 'WSSS', 'terminal': '1', 'gate': 'D37', 'delay': 17, 'scheduled': '2023-12-07T01:00:00+00:00', 'estimated': '2023-12-07T01:00:00+00:00', 'actual': '2023-12-07T01:17:00+00:00', 'estimated_runway': '2023-12-07T01:17:00+00:00', 'actual_runway': '2023-12-07T01:17:00+00:00'}","{'airport': 'Taiwan Taoyuan International (Chiang Kai Shek International)', 'timezone': 'Asia/Taipei', 'iata': 'TPE', 'icao': 'RCTP', 'terminal': '1', 'gate': 'B5', 'baggage': '1A', 'delay': None, 'scheduled': '2023-12-07T05:35:00+00:00', 'estimated': '2023-12-07T05:35:00+00:00', 'actual': None, 'estimated_runway': None, 'actual_runway': None}","{'name': 'Singapore Airlines', 'iata': 'SQ', 'icao': 'SIA'}","{'number': '8524', 'iata': 'SQ8524', 'icao': 'SIA8524', 'codeshared': {'airline_name': 'scoot', 'airline_iata': 'tr', 'airline_icao': 'tgw', 'flight_number': '898', 'flight_iata': 'tr898', 'flight_icao': 'tgw898'}}",,
2023-12-07,active,"{'airport': 'Auckland International', 'timezone': 'Pacific/Auckland', 'iata': 'AKL', 'icao': 'NZAA', 'terminal': 'I', 'gate': '15', 'delay': 21, 'scheduled': '2023-12-07T06:00:00+00:00', 'estimated': '2023-12-07T06:00:00+00:00', 'actual': '2023-12-07T06:20:00+00:00', 'estimated_runway': '2023-12-07T06:20:00+00:00', 'actual_runway': '2023-12-07T06:20:00+00:00'}","{'airport': 'Sydney Kingsford Smith Airport', 'timezone': 'Australia/Sydney', 'iata': 'SYD', 'icao': 'YSSY', 'terminal': '1', 'gate': '1', 'baggage': '8', 'delay': 7, 'scheduled': '2023-12-07T07:35:00+00:00', 'estimated': '2023-12-07T07:35:00+00:00', 'actual': None, 'estimated_runway': None, 'actual_runway': None}","{'name': 'American Airlines', 'iata': 'AA', 'icao': 'AAL'}","{'number': '7271', 'iata': 'AA7271', 'icao': 'AAL7271', 'codeshared': {'airline_name': 'qantas', 'airline_iata': 'qf', 'airline_icao': 'qfa', 'flight_number': '140', 'flight_iata': 'qf140', 'flight_icao': 'qfa140'}}",,
2023-12-07,active,"{'airport': 'Melbourne - Tullamarine Airport', 'timezone': 'Australia/Melbourne', 'iata': 'MEL', 'icao': 'YMML', 'terminal': '4', 'gate': '52', 'delay': 17, 'scheduled': '2023-12-07T06:30:00+00:00', 'estimated': '2023-12-07T06:30:00+00:00', 'actual': '2023-12-07T06:46:00+00:00', 'estimated_runway': '2023-12-07T06:46:00+00:00', 'actual_runway': '2023-12-07T06:46:00+00:00'}","{'airport': 'Gold Coast (coolangatta)', 'timezone': 'Australia/Brisbane', 'iata': 'OOL', 'icao': 'YBCG', 'terminal': '1', 'gate': '7', 'baggage': None, 'delay': None, 'scheduled': '2023-12-07T07:35:00+00:00', 'estimated': '2023-12-07T07:35:00+00:00', 'actual': None, 'estimated_runway': None, 'actual_runway': None}","{'name': 'Qantas', 'iata': 'QF', 'icao': 'QFA'}","{'number': '5430', 'iata': 'QF5430', 'icao': 'QFA5430', 'codeshared': {'airline_name': 'jetstar', 'airline_iata': 'jq', 'airline_icao': 'jst', 'flight_number': '430', 'flight_iata': 'jq430', 'flight_icao': 'jst430'}}",,
2023-12-07,active,"{'airport': 'Adelaide International Airport', 'timezone': 'Australia/Adelaide', 'iata': 'ADL', 'icao': 'YPAD', 'terminal': '1', 'gate': '16', 'delay': 18, 'scheduled': '2023-12-07T06:00:00+00:00', 'estimated': '2023-12-07T06:00:00+00:00', 'actual': '2023-12-07T06:17:00+00:00', 'estimated_runway': '2023-12-07T06:17:00+00:00', 'actual_runway': '2023-12-07T06:17:00+00:00'}","{'airport': 'Sydney Kingsford Smith Airport', 'timezone': 'Australia/Sydney', 'iata': 'SYD', 'icao': 'YSSY', 'terminal': '3', 'gate': 'T3G', 'baggage': 'QFR', 'delay': 1, 'scheduled': '2023-12-07T08:25:00+00:00', 'estimated': '2023-12-07T08:25:00+00:00', 'actual': None, 'estimated_runway': None, 'actual_runway': None}","{'name': 'Qantas', 'iata': 'QF', 'icao': 'QFA'}","{'number': '730', 'iata': 'QF730', 'icao': 'QFA730', 'codeshared': None}",,
2023-12-07,active,"{'airport': 'Melbourne - Tullamarine Airport', 'timezone': 'Australia/Melbourne', 'iata': 'MEL', 'icao': 'YMML', 'terminal': '3', 'gate': '18', 'delay': 18, 'scheduled': '2023-12-07T06:35:00+00:00', 'estimated': '2023-12-07T06:35:00+00:00', 'actual': '2023-12-07T06:52:00+00:00', 'estimated_runway': '2023-12-07T06:52:00+00:00', 'actual_runway': '2023-12-07T06:52:00+00:00'}","{'airport': 'Canberra', 'timezone': 'Australia/Sydney', 'iata': 'CBR', 'icao': 'YSCB', 'terminal': '4', 'gate': '7', 'baggage': None, 'delay': 3, 'scheduled': '2023-12-07T07:40:00+00:00', 'estimated': '2023-12-07T07:40:00+00:00', 'actual': None, 'estimated_runway': None, 'actual_runway': None}","{'name': 'Virgin Australia', 'iata': 'VA', 'icao': 'VOZ'}","{'number': '253', 'iata': 'VA253', 'icao': 'VOZ253', 'codeshared': None}",,
2023-12-07,active,"{'airport': 'Ahmedabad', 'timezone': 'Asia/Kolkata', 'iata': 'AMD', 'icao': 'VAAH', 'terminal': '2', 'gate': None, 'delay': 35, 'scheduled': '2023-12-07T00:55:00+00:00', 'estimated': '2023-12-07T00:55:00+00:00', 'actual': '2023-12-07T01:41:00+00:00', 'estimated_runway': '2023-12-07T01:41:00+00:00', 'actual_runway': '2023-12-07T01:41:00+00:00'}","{'airport': 'Suvarnabhumi International', 'timezone': 'Asia/Bangkok', 'iata': 'BKK', 'icao': 'VTBS', 'terminal': 'MAIN', 'gate': None, 'baggage': None, 'delay': None, 'scheduled': '2023-12-07T06:55:00+00:00', 'estimated': '2023-12-07T06:55:00+00:00', 'actual': None, 'estimated_runway': None, 'actual_runway': None}","{'name': 'Thai Smile', 'iata': 'WE', 'icao': 'THD'}","{'number': '344', 'iata': 'WE344', 'icao': 'THD344', 'codeshared': None}",,
2023-12-07,active,"{'airport': 'Don Muang', 'timezone': 'Asia/Bangkok', 'iata': 'DMK', 'icao': 'VTBD', 'terminal': '1', 'gate': None, 'delay': 18, 'scheduled': '2023-12-07T00:40:00+00:00', 'estimated': '2023-12-07T00:40:00+00:00', 'actual': '2023-12-07T00:58:00+00:00', 'estimated_runway': '2023-12-07T00:58:00+00:00', 'actual_runway': '2023-12-07T00:58:00+00:00'}","{'airport': 'Cheongju', 'timezone': 'Asia/Seoul', 'iata': 'CJJ', 'icao': 'RKTU', 'terminal': '3', 'gate': None, 'baggage': None, 'delay': None, 'scheduled': '2023-12-07T07:55:00+00:00', 'estimated': '2023-12-07T07:55:00+00:00', 'actual': None, 'estimated_runway': None, 'actual_runway': None}","{'name': ""T'Way Air"", 'iata': 'TW', 'icao': 'TWB'}","{'number': '184', 'iata': 'TW184', 'icao': 'TWB184', 'codeshared': None}",,
2023-12-07,active,"{'airport': 'Sydney Kingsford Smith Airport', 'timezone': 'Australia/Sydney', 'iata': 'SYD', 'icao': 'YSSY', 'terminal': '2', 'gate': '34', 'delay': 23, 'scheduled': '2023-12-07T06:45:00+00:00', 'estimated': '2023-12-07T06:45:00+00:00', 'actual': '2023-12-07T07:07:00+00:00', 'estimated_runway': '2023-12-07T07:07:00+00:00', 'actual_runway': '2023-12-07T07:07:00+00:00'}","{'airport': 'Melbourne - Tullamarine Airport', 'timezone': 'Australia/Melbourne', 'iata': 'MEL', 'icao': 'YMML', 'terminal': '3', 'gate': '8', 'baggage': None, 'delay': None, 'scheduled': '2023-12-07T08:20:00+00:00', 'estimated': '2023-12-07T08:20:00+00:00', 'actual': None, 'estimated_runway': None, 'actual_runway': None}","{'name': 'Singapore Airlines', 'iata': 'SQ', 'icao': 'SIA'}","{'number': '6862', 'iata': 'SQ6862', 'icao': 'SIA6862', 'codeshared': {'airline_name': 'virgin australia', 'airline_iata': 'va', 'airline_icao': 'voz', 'flight_number': '806', 'flight_iata': 'va806', 'flight_icao': 'voz806'}}",,
2023-12-07,active,"{'airport': 'Sydney Kingsford Smith Airport', 'timezone': 'Australia/Sydney', 'iata': 'SYD', 'icao': 'YSSY', 'terminal': '2', 'gate': '34', 'delay': 23, 'scheduled': '2023-12-07T06:45:00+00:00', 'estimated': '2023-12-07T06:45:00+00:00', 'actual': '2023-12-07T07:07:00+00:00', 'estimated_runway': '2023-12-07T07:07:00+00:00', 'actual_runway': '2023-12-07T07:07:00+00:00'}","{'airport': 'Melbourne - Tullamarine Airport', 'timezone': 'Australia/Melbourne', 'iata': 'MEL', 'icao': 'YMML', 'terminal': '3', 'gate': '8', 'baggage': None, 'delay': None, 'scheduled': '2023-12-07T08:20:00+00:00', 'estimated': '2023-12-07T08:20:00+00:00', 'actual': None, 'estimated_runway': None, 'actual_runway': None}","{'name': 'Hawaiian Airlines', 'iata': 'HA', 'icao': 'HAL'}","{'number': '4122', 'iata': 'HA4122', 'icao': 'HAL4122', 'codeshared': {'airline_name': 'virgin australia', 'airline_iata': 'va', 'airline_icao': 'voz', 'flight_number': '806', 'flight_iata': 'va806', 'flight_icao': 'voz806'}}",,
2023-12-07,active,"{'airport': 'Adelaide International Airport', 'timezone': 'Australia/Adelaide', 'iata': 'ADL', 'icao': 'YPAD', 'terminal': '1', 'gate': '15', 'delay': 12, 'scheduled': '2023-12-07T06:10:00+00:00', 'estimated': '2023-12-07T06:10:00+00:00', 'actual': '2023-12-07T06:22:00+00:00', 'estimated_runway': '2023-12-07T06:22:00+00:00', 'actual_runway': '2023-12-07T06:22:00+00:00'}","{'airport': 'Brisbane International', 'timezone': 'Australia/Brisbane', 'iata': 'BNE', 'icao': 'YBBN', 'terminal': 'D', 'gate': '41', 'baggage': 'D06', 'delay': None, 'scheduled': '2023-12-07T08:10:00+00:00', 'estimated': '2023-12-07T08:10:00+00:00', 'actual': None, 'estimated_runway': None, 'actual_runway': None}","{'name': 'United Airlines', 'iata': 'UA', 'icao': 'UAL'}","{'number': '7444', 'iata': 'UA7444', 'icao': 'UAL7444', 'codeshared': {'airline_name': 'virgin australia', 'airline_iata': 'va', 'airline_icao': 'voz', 'flight_number': '1385', 'flight_iata': 'va1385', 'flight_icao': 'voz1385'}}",,
2023-12-07,active,"{'airport': 'Adelaide International Airport', 'timezone': 'Australia/Adelaide', 'iata': 'ADL', 'icao': 'YPAD', 'terminal': '1', 'gate': '15', 'delay': 12, 'scheduled': '2023-12-07T06:10:00+00:00', 'estimated': '2023-12-07T06:10:00+00:00', 'actual': '2023-12-07T06:22:00+00:00', 'estimated_runway': '2023-12-07T06:22:00+00:00', 'actual_runway': '2023-12-07T06:22:00+00:00'}","{'airport': 'Brisbane International', 'timezone': 'Australia/Brisbane', 'iata': 'BNE', 'icao': 'YBBN', 'terminal': 'D', 'gate': '41', 'baggage': 'D06', 'delay': None, 'scheduled': '2023-12-07T08:10:00+00:00', 'estimated': '2023-12-07T08:10:00+00:00', 'actual': None, 'estimated_runway': None, 'actual_runway': None}","{'name': 'Singapore Airlines', 'iata': 'SQ', 'icao': 'SIA'}","{'number': '6923', 'iata': 'SQ6923', 'icao': 'SIA6923', 'codeshared': {'airline_name': 'virgin australia', 'airline_iata': 'va', 'airline_icao': 'voz', 'flight_number': '1385', 'flight_iata': 'va1385', 'flight_icao': 'voz1385'}}",,
2023-12-07,active,"{'airport': 'Wattay', 'timezone': 'Asia/Vientiane', 'iata': 'VTE', 'icao': 'VLVT', 'terminal': 'I', 'gate': '1-18', 'delay': 40, 'scheduled': '2023-12-07T00:50:00+00:00', 'estimated': '2023-12-07T00:50:00+00:00', 'actual': '2023-12-07T01:29:00+00:00', 'estimated_runway': '2023-12-07T01:29:00+00:00', 'actual_runway': '2023-12-07T01:29:00+00:00'}","{'airport': 'Gimhae', 'timezone': 'Asia/Seoul', 'iata': 'PUS', 'icao': 'RKPK', 'terminal': 'I', 'gate': None, 'baggage': None, 'delay': 6, 'scheduled': '2023-12-07T07:20:00+00:00', 'estimated': '2023-12-07T07:20:00+00:00', 'actual': None, 'estimated_runway': None, 'actual_runway': None}","{'name': 'Air Busan', 'iata': 'BX', 'icao': 'ABL'}","{'number': '746', 'iata': 'BX746', 'icao': 'ABL746', 'codeshared': None}",,
2023-12-07,active,"{'airport': 'Toowoomba', 'timezone': 'Australia/Brisbane', 'iata': 'TWB', 'icao': 'YTWB', 'terminal': None, 'gate': None, 'delay': 20, 'scheduled': '2023-12-07T05:40:00+00:00', 'estimated': '2023-12-07T05:40:00+00:00', 'actual': '2023-12-07T06:00:00+00:00', 'estimated_runway': '2023-12-07T06:00:00+00:00', 'actual_runway': '2023-12-07T06:00:00+00:00'}","{'airport': 'Gold Coast (coolangatta)', 'timezone': 'Australia/Brisbane', 'iata': 'OOL', 'icao': 'YBCG', 'terminal': '1', 'gate': None, 'baggage': None, 'delay': 9, 'scheduled': '2023-12-07T06:13:00+00:00', 'estimated': '2023-12-07T06:13:00+00:00', 'actual': None, 'estimated_runway': None, 'actual_runway': None}","{'name': 'empty', 'iata': None, 'icao': None}","{'number': None, 'iata': None, 'icao': None, 'codeshared': None}",,
2023-12-07,active,"{'airport': 'Williamtown', 'timezone': 'Australia/Sydney', 'iata': 'NTL', 'icao': 'YWLM', 'terminal': None, 'gate': None, 'delay': None, 'scheduled': '2023-12-07T06:40:00+00:00', 'estimated': '2023-12-07T06:40:00+00:00', 'actual': '2023-12-07T06:37:00+00:00', 'estimated_runway': '2023-12-07T06:37:00+00:00', 'actual_runway': '2023-12-07T06:37:00+00:00'}","{'airport': 'Sydney Kingsford Smith Airport', 'timezone': 'Australia/Sydney', 'iata': 'SYD', 'icao': 'YSSY', 'terminal': '1', 'gate': None, 'baggage': None, 'delay': 12, 'scheduled': '2023-12-07T07:04:00+00:00', 'estimated': '2023-12-07T07:04:00+00:00', 'actual': None, 'estimated_runway': None, 'actual_runway': None}","{'name': 'Aeromexico', 'iata': 'AM', 'icao': 'AMX'}","{'number': '214', 'iata': 'AM214', 'icao': 'AMX214', 'codeshared': None}",,
2023-12-07,active,"{'airport': 'Thangool', 'timezone': 'Australia/Brisbane', 'iata': 'THG', 'icao': 'YTNG', 'terminal': None, 'gate': None, 'delay': None, 'scheduled': '2023-12-07T06:15:00+00:00', 'estimated': '2023-12-07T06:15:00+00:00', 'actual': '2023-12-07T06:02:00+00:00', 'estimated_runway': '2023-12-07T06:02:00+00:00', 'actual_runway': '2023-12-07T06:02:00+00:00'}","{'airport': 'Rockhampton', 'timezone': 'Australia/Brisbane', 'iata': 'ROK', 'icao': 'YBRK', 'terminal': None, 'gate': None, 'baggage': None, 'delay': None, 'scheduled': '2023-12-07T06:44:00+00:00', 'estimated': '2023-12-07T06:44:00+00:00', 'actual': None, 'estimated_runway': None, 'actual_runway': None}","{'name': 'empty', 'iata': None, 'icao': None}","{'number': None, 'iata': None, 'icao': None, 'codeshared': None}",,
2023-12-07,active,"{'airport': 'Suvarnabhumi International', 'timezone': 'Asia/Bangkok', 'iata': 'BKK', 'icao': 'VTBS', 'terminal': None, 'gate': None, 'delay': 27, 'scheduled': '2023-12-07T02:10:00+00:00', 'estimated': '2023-12-07T02:10:00+00:00', 'actual': '2023-12-07T02:36:00+00:00', 'estimated_runway': '2023-12-07T02:36:00+00:00', 'actual_runway': '2023-12-07T02:36:00+00:00'}","{'airport': 'Taiwan Taoyuan International (Chiang Kai Shek International)', 'timezone': 'Asia/Taipei', 'iata': 'TPE', 'icao': 'RCTP', 'terminal': '1', 'gate': 'B1R', 'baggage': '2', 'delay': 4, 'scheduled': '2023-12-07T06:50:00+00:00', 'estimated': '2023-12-07T06:50:00+00:00', 'actual': None, 'estimated_runway': None, 'actual_runway': None}","{'name': 'VietJet Air', 'iata': 'VJ', 'icao': 'VJC'}","{'number': '566', 'iata': 'VJ566', 'icao': 'VJC566', 'codeshared': None}",,
2023-12-07,active,"{'airport': 'Hong Kong International', 'timezone': 'Asia/Hong_Kong', 'iata': 'HKG', 'icao': 'VHHH', 'terminal': None, 'gate': None, 'delay': 35, 'scheduled': '2023-12-07T03:25:00+00:00', 'estimated': '2023-12-07T03:25:00+00:00', 'actual': '2023-12-07T03:59:00+00:00', 'estimated_runway': '2023-12-07T03:59:00+00:00', 'actual_runway': '2023-12-07T03:59:00+00:00'}","{'airport': 'Shuangliu', 'timezone': 'Asia/Shanghai', 'iata': 'CTU', 'icao': 'ZUUU', 'terminal': '2', 'gate': None, 'baggage': None, 'delay': 14, 'scheduled': '2023-12-07T05:55:00+00:00', 'estimated': '2023-12-07T05:55:00+00:00', 'actual': None, 'estimated_runway': None, 'actual_runway': None}","{'name': 'DHL Air', 'iata': 'D0', 'icao': 'DHK'}","{'number': '720', 'iata': 'D0720', 'icao': 'DHK720', 'codeshared': None}",,
2023-12-07,active,"{'airport': 'Taiwan Taoyuan International (Chiang Kai Shek International)', 'timezone': 'Asia/Taipei', 'iata': 'TPE', 'icao': 'RCTP', 'terminal': '1', 'gate': 'A7', 'delay': 31, 'scheduled': '2023-12-07T02:20:00+00:00', 'estimated': '2023-12-07T02:20:00+00:00', 'actual': '2023-12-07T02:51:00+00:00', 'estimated_runway': '2023-12-07T02:51:00+00:00', 'actual_runway': '2023-12-07T02:51:00+00:00'}","{'airport': 'Narita International Airport', 'timezone': 'Asia/Tokyo', 'iata': 'NRT', 'icao': 'RJAA', 'terminal': '3', 'gate': '155', 'baggage': None, 'delay': None, 'scheduled': '2023-12-07T06:30:00+00:00', 'estimated': '2023-12-07T06:30:00+00:00', 'actual': None, 'estimated_runway': None, 'actual_runway': None}","{'name': 'Jetstar', 'iata': 'JQ', 'icao': 'JST'}","{'number': '12', 'iata': 'JQ12', 'icao': 'JST12', 'codeshared': None}",,
2023-12-07,active,"{'airport': 'Auckland International', 'timezone': 'Pacific/Auckland', 'iata': 'AKL', 'icao': 'NZAA', 'terminal': 'D', 'gate': '33', 'delay': 15, 'scheduled': '2023-12-07T06:45:00+00:00', 'estimated': '2023-12-07T06:45:00+00:00', 'actual': '2023-12-07T07:00:00+00:00', 'estimated_runway': '2023-12-07T07:00:00+00:00', 'actual_runway': '2023-12-07T07:00:00+00:00'}","{'airport': 'Queenstown', 'timezone': 'Pacific/Auckland', 'iata': 'ZQN', 'icao': 'NZQN', 'terminal': 'D', 'gate': None, 'baggage': None, 'delay': None, 'scheduled': '2023-12-07T08:40:00+00:00', 'estimated': '2023-12-07T08:40:00+00:00', 'actual': None, 'estimated_runway': None, 'actual_runway': None}","{'name': 'Qantas', 'iata': 'QF', 'icao': 'QFA'}","{'number': '8448', 'iata': 'QF8448', 'icao': 'QFA8448', 'codeshared': {'airline_name': 'air new zealand', 'airline_iata': 'nz', 'airline_icao': 'anz', 'flight_number': '611', 'flight_iata': 'nz611', 'flight_icao': 'anz611'}}",,
2023-12-07,active,"{'airport': 'Auckland International', 'timezone': 'Pacific/Auckland', 'iata': 'AKL', 'icao': 'NZAA', 'terminal': 'D', 'gate': '33', 'delay': 15, 'scheduled': '2023-12-07T06:45:00+00:00', 'estimated': '2023-12-07T06:45:00+00:00', 'actual': '2023-12-07T07:00:00+00:00', 'estimated_runway': '2023-12-07T07:00:00+00:00', 'actual_runway': '2023-12-07T07:00:00+00:00'}","{'airport': 'Queenstown', 'timezone': 'Pacific/Auckland', 'iata': 'ZQN', 'icao': 'NZQN', 'terminal': 'D', 'gate': None, 'baggage': None, 'delay': None, 'scheduled': '2023-12-07T08:40:00+00:00', 'estimated': '2023-12-07T08:40:00+00:00', 'actual': None, 'estimated_runway': None, 'actual_runway': None}","{'name': 'ANA', 'iata': 'NH', 'icao': 'ANA'}","{'number': '7976', 'iata': 'NH7976', 'icao': 'ANA7976', 'codeshared': {'airline_name': 'air new zealand', 'airline_iata': 'nz', 'airline_icao': 'anz', 'flight_number': '611', 'flight_iata': 'nz611', 'flight_icao': 'anz611'}}",,
2023-12-07,active,"{'airport': 'Auckland International', 'timezone': 'Pacific/Auckland', 'iata': 'AKL', 'icao': 'NZAA', 'terminal': 'D', 'gate': '33', 'delay': 15, 'scheduled': '2023-12-07T06:45:00+00:00', 'estimated': '2023-12-07T06:45:00+00:00', 'actual': '2023-12-07T07:00:00+00:00', 'estimated_runway': '2023-12-07T07:00:00+00:00', 'actual_runway': '2023-12-07T07:00:00+00:00'}","{'airport': 'Queenstown', 'timezone': 'Pacific/Auckland', 'iata': 'ZQN', 'icao': 'NZQN', 'terminal': 'D', 'gate': None, 'baggage': None, 'delay': None, 'scheduled': '2023-12-07T08:40:00+00:00', 'estimated': '2023-12-07T08:40:00+00:00', 'actual': None, 'estimated_runway': None, 'actual_runway': None}","{'name': 'Etihad Airways', 'iata': 'EY', 'icao': 'ETD'}","{'number': '4739', 'iata': 'EY4739', 'icao': 'ETD4739', 'codeshared': {'airline_name': 'air new zealand', 'airline_iata': 'nz', 'airline_icao': 'anz', 'flight_number': '611', 'flight_iata': 'nz611', 'flight_icao': 'anz611'}}",,
2023-12-07,active,"{'airport': 'Auckland International', 'timezone': 'Pacific/Auckland', 'iata': 'AKL', 'icao': 'NZAA', 'terminal': 'D', 'gate': '33', 'delay': 15, 'scheduled': '2023-12-07T06:45:00+00:00', 'estimated': '2023-12-07T06:45:00+00:00', 'actual': '2023-12-07T07:00:00+00:00', 'estimated_runway': '2023-12-07T07:00:00+00:00', 'actual_runway': '2023-12-07T07:00:00+00:00'}","{'airport': 'Queenstown', 'timezone': 'Pacific/Auckland', 'iata': 'ZQN', 'icao': 'NZQN', 'terminal': 'D', 'gate': None, 'baggage': None, 'delay': None, 'scheduled': '2023-12-07T08:40:00+00:00', 'estimated': '2023-12-07T08:40:00+00:00', 'actual': None, 'estimated_runway': None, 'actual_runway': None}","{'name': 'EVA Air', 'iata': 'BR', 'icao': 'EVA'}","{'number': '3273', 'iata': 'BR3273', 'icao': 'EVA3273', 'codeshared': {'airline_name': 'air new zealand', 'airline_iata': 'nz', 'airline_icao': 'anz', 'flight_number': '611', 'flight_iata': 'nz611', 'flight_icao': 'anz611'}}",,
2023-12-07,active,"{'airport': 'Beijing Capital International', 'timezone': 'Asia/Shanghai', 'iata': 'PEK', 'icao': 'ZBAA', 'terminal': None, 'gate': None, 'delay': None, 'scheduled': '2023-12-07T03:00:00+00:00', 'estimated': '2023-12-07T03:00:00+00:00', 'actual': '2023-12-07T02:50:00+00:00', 'estimated_runway': '2023-12-07T02:50:00+00:00', 'actual_runway': '2023-12-07T02:50:00+00:00'}","{'airport': 'Shanghai Pudong International', 'timezone': 'Asia/Shanghai', 'iata': 'PVG', 'icao': 'ZSPD', 'terminal': '1', 'gate': None, 'baggage': None, 'delay': None, 'scheduled': '2023-12-07T05:25:00+00:00', 'estimated': '2023-12-07T05:25:00+00:00', 'actual': None, 'estimated_runway': None, 'actual_runway': None}","{'name': 'China Postal Airlines', 'iata': 'CF', 'icao': 'CYZ'}","{'number': '9021', 'iata': 'CF9021', 'icao': 'CYZ9021', 'codeshared': None}","{'registration': 'B-2662', 'iata': 'B733', 'icao': 'B733', 'icao24': '780442'}","{'updated': '2023-12-06T19:05:18+00:00', 'latitude': 38.965, 'longitude': 116.849, 'altitude': 8785.86, 'direction': 172, 'speed_horizontal': 866.736, 'speed_vertical': 0, 'is_ground': False}"
2023-12-07,active,"{'airport': 'Melbourne - Tullamarine Airport', 'timezone': 'Australia/Melbourne', 'iata': 'MEL', 'icao': 'YMML', 'terminal': '2', 'gate': '12', 'delay': 24, 'scheduled': '2023-12-07T00:30:00+00:00', 'estimated': '2023-12-07T00:30:00+00:00', 'actual': '2023-12-07T00:53:00+00:00', 'estimated_runway': '2023-12-07T00:53:00+00:00', 'actual_runway': '2023-12-07T00:53:00+00:00'}","{'airport': 'Kuala Lumpur International Airport (klia)', 'timezone': 'Asia/Kuala_Lumpur', 'iata': 'KUL', 'icao': 'WMKK', 'terminal': '1', 'gate': None, 'baggage': None, 'delay': 11, 'scheduled': '2023-12-07T05:45:00+00:00', 'estimated': '2023-12-07T05:45:00+00:00', 'actual': None, 'estimated_runway': None, 'actual_runway': None}","{'name': 'Saudia', 'iata': 'SV', 'icao': 'SVA'}","{'number': '6326', 'iata': 'SV6326', 'icao': 'SVA6326', 'codeshared': {'airline_name': 'malaysia airlines', 'airline_iata': 'mh', 'airline_icao': 'mas', 'flight_number': '128', 'flight_iata': 'mh128', 'flight_icao': 'mas128'}}",,
2023-12-07,active,"{'airport': 'Melbourne - Tullamarine Airport', 'timezone': 'Australia/Melbourne', 'iata': 'MEL', 'icao': 'YMML', 'terminal': '2', 'gate': '12', 'delay': 24, 'scheduled': '2023-12-07T00:30:00+00:00', 'estimated': '2023-12-07T00:30:00+00:00', 'actual': '2023-12-07T00:53:00+00:00', 'estimated_runway': '2023-12-07T00:53:00+00:00', 'actual_runway': '2023-12-07T00:53:00+00:00'}","{'airport': 'Kuala Lumpur International Airport (klia)', 'timezone': 'Asia/Kuala_Lumpur', 'iata': 'KUL', 'icao': 'WMKK', 'terminal': '1', 'gate': None, 'baggage': None, 'delay': 11, 'scheduled': '2023-12-07T05:45:00+00:00', 'estimated': '2023-12-07T05:45:00+00:00', 'actual': None, 'estimated_runway': None, 'actual_runway': None}","{'name': 'Qatar Airways', 'iata': 'QR', 'icao': 'QTR'}","{'number': '4968', 'iata': 'QR4968', 'icao': 'QTR4968', 'codeshared': {'airline_name': 'malaysia airlines', 'airline_iata': 'mh', 'airline_icao': 'mas', 'flight_number': '128', 'flight_iata': 'mh128', 'flight_icao': 'mas128'}}",,
2023-12-07,active,"{'airport': 'Bandaranaike International', 'timezone': 'Asia/Colombo', 'iata': 'CMB', 'icao': 'VCBI', 'terminal': None, 'gate': '14', 'delay': 9, 'scheduled': '2023-12-07T00:35:00+00:00', 'estimated': '2023-12-07T00:35:00+00:00', 'actual': '2023-12-07T00:43:00+00:00', 'estimated_runway': '2023-12-07T00:43:00+00:00', 'actual_runway': '2023-12-07T00:43:00+00:00'}","{'airport': 'Indira Gandhi International', 'timezone': 'Asia/Kolkata', 'iata': 'DEL', 'icao': 'VIDP', 'terminal': '3', 'gate': None, 'baggage': None, 'delay': None, 'scheduled': '2023-12-07T04:10:00+00:00', 'estimated': '2023-12-07T04:10:00+00:00', 'actual': None, 'estimated_runway': None, 'actual_runway': None}","{'name': 'SriLankan Airlines', 'iata': 'UL', 'icao': 'ALK'}","{'number': '191', 'iata': 'UL191', 'icao': 'ALK191', 'codeshared': None}",,
2023-12-07,active,"{'airport': 'Adelaide International Airport', 'timezone': 'Australia/Adelaide', 'iata': 'ADL', 'icao': 'YPAD', 'terminal': '1', 'gate': '12', 'delay': 7, 'scheduled': '2023-12-07T06:00:00+00:00', 'estimated': '2023-12-07T06:00:00+00:00', 'actual': '2023-12-07T06:07:00+00:00', 'estimated_runway': '2023-12-07T06:07:00+00:00', 'actual_runway': '2023-12-07T06:07:00+00:00'}","{'airport': 'Melbourne - Tullamarine Airport', 'timezone': 'Australia/Melbourne', 'iata': 'MEL', 'icao': 'YMML', 'terminal': '4', 'gate': '16', 'baggage': None, 'delay': None, 'scheduled': '2023-12-07T07:50:00+00:00', 'estimated': '2023-12-07T07:50:00+00:00', 'actual': None, 'estimated_runway': None, 'actual_runway': None}","{'name': 'Rex Regional Express', 'iata': 'ZL', 'icao': 'RXA'}","{'number': '402', 'iata': 'ZL402', 'icao': 'RXA402', 'codeshared': None}",,
2023-12-07,active,"{'airport': 'Melbourne - Tullamarine Airport', 'timezone': 'Australia/Melbourne', 'iata': 'MEL', 'icao': 'YMML', 'terminal': '2', 'gate': '12', 'delay': 24, 'scheduled': '2023-12-07T00:30:00+00:00', 'estimated': '2023-12-07T00:30:00+00:00', 'actual': '2023-12-07T00:53:00+00:00', 'estimated_runway': '2023-12-07T00:53:00+00:00', 'actual_runway': '2023-12-07T00:53:00+00:00'}","{'airport': 'Kuala Lumpur International Airport (klia)', 'timezone': 'Asia/Kuala_Lumpur', 'iata': 'KUL', 'icao': 'WMKK', 'terminal': '1', 'gate': None, 'baggage': None, 'delay': 11, 'scheduled': '2023-12-07T05:45:00+00:00', 'estimated': '2023-12-07T05:45:00+00:00', 'actual': None, 'estimated_runway': None, 'actual_runway': None}","{'name': 'LATAM Airlines', 'iata': 'LA', 'icao': 'LAN'}","{'number': '8927', 'iata': 'LA8927', 'icao': 'LAN8927', 'codeshared': {'airline_name': 'malaysia airlines', 'airline_iata': 'mh', 'airline_icao': 'mas', 'flight_number': '128', 'flight_iata': 'mh128', 'flight_icao': 'mas128'}}",,
2023-12-07,active,"{'airport': 'Melbourne - Tullamarine Airport', 'timezone': 'Australia/Melbourne', 'iata': 'MEL', 'icao': 'YMML', 'terminal': '2', 'gate': '12', 'delay': 24, 'scheduled': '2023-12-07T00:30:00+00:00', 'estimated': '2023-12-07T00:30:00+00:00', 'actual': '2023-12-07T00:53:00+00:00', 'estimated_runway': '2023-12-07T00:53:00+00:00', 'actual_runway': '2023-12-07T00:53:00+00:00'}","{'airport': 'Kuala Lumpur International Airport (klia)', 'timezone': 'Asia/Kuala_Lumpur', 'iata': 'KUL', 'icao': 'WMKK', 'terminal': '1', 'gate': None, 'baggage': None, 'delay': 11, 'scheduled': '2023-12-07T05:45:00+00:00', 'estimated': '2023-12-07T05:45:00+00:00', 'actual': None, 'estimated_runway': None, 'actual_runway': None}","{'name': 'KLM', 'iata': 'KL', 'icao': 'KLM'}","{'number': '4109', 'iata': 'KL4109', 'icao': 'KLM4109', 'codeshared': {'airline_name': 'malaysia airlines', 'airline_iata': 'mh', 'airline_icao': 'mas', 'flight_number': '128', 'flight_iata': 'mh128', 'flight_icao': 'mas128'}}",,
2023-12-07,active,"{'airport': 'Melbourne - Tullamarine Airport', 'timezone': 'Australia/Melbourne', 'iata': 'MEL', 'icao': 'YMML', 'terminal': '2', 'gate': '12', 'delay': 24, 'scheduled': '2023-12-07T00:30:00+00:00', 'estimated': '2023-12-07T00:30:00+00:00', 'actual': '2023-12-07T00:53:00+00:00', 'estimated_runway': '2023-12-07T00:53:00+00:00', 'actual_runway': '2023-12-07T00:53:00+00:00'}","{'airport': 'Kuala Lumpur International Airport (klia)', 'timezone': 'Asia/Kuala_Lumpur', 'iata': 'KUL', 'icao': 'WMKK', 'terminal': '1', 'gate': None, 'baggage': None, 'delay': 11, 'scheduled': '2023-12-07T05:45:00+00:00', 'estimated': '2023-12-07T05:45:00+00:00', 'actual': None, 'estimated_runway': None, 'actual_runway': None}","{'name': 'Firefly', 'iata': 'FY', 'icao': 'FFM'}","{'number': '7146', 'iata': 'FY7146', 'icao': 'FFM7146', 'codeshared': {'airline_name': 'malaysia airlines', 'airline_iata': 'mh', 'airline_icao': 'mas', 'flight_number': '128', 'flight_iata': 'mh128', 'flight_icao': 'mas128'}}",,
2023-12-07,active,"{'airport': 'Melbourne - Tullamarine Airport', 'timezone': 'Australia/Melbourne', 'iata': 'MEL', 'icao': 'YMML', 'terminal': '2', 'gate': '12', 'delay': 24, 'scheduled': '2023-12-07T00:30:00+00:00', 'estimated': '2023-12-07T00:30:00+00:00', 'actual': '2023-12-07T00:53:00+00:00', 'estimated_runway': '2023-12-07T00:53:00+00:00', 'actual_runway': '2023-12-07T00:53:00+00:00'}","{'airport': 'Kuala Lumpur International Airport (klia)', 'timezone': 'Asia/Kuala_Lumpur', 'iata': 'KUL', 'icao': 'WMKK', 'terminal': '1', 'gate': None, 'baggage': None, 'delay': 11, 'scheduled': '2023-12-07T05:45:00+00:00', 'estimated': '2023-12-07T05:45:00+00:00', 'actual': None, 'estimated_runway': None, 'actual_runway': None}","{'name': 'Myanmar Airways International', 'iata': '8M', 'icao': 'MMA'}","{'number': '9593', 'iata': '8M9593', 'icao': 'MMA9593', 'codeshared': {'airline_name': 'malaysia airlines', 'airline_iata': 'mh', 'airline_icao': 'mas', 'flight_number': '128', 'flight_iata': 'mh128', 'flight_icao': 'mas128'}}",,
2023-12-07,active,"{'airport': 'Melbourne - Tullamarine Airport', 'timezone': 'Australia/Melbourne', 'iata': 'MEL', 'icao': 'YMML', 'terminal': '2', 'gate': '14A', 'delay': 1, 'scheduled': '2023-12-07T00:35:00+00:00', 'estimated': '2023-12-07T00:35:00+00:00', 'actual': '2023-12-07T00:36:00+00:00', 'estimated_runway': '2023-12-07T00:36:00+00:00', 'actual_runway': '2023-12-07T00:36:00+00:00'}","{'airport': 'Singapore Changi', 'timezone': 'Asia/Singapore', 'iata': 'SIN', 'icao': 'WSSS', 'terminal': '3', 'gate': None, 'baggage': '42', 'delay': None, 'scheduled': '2023-12-07T05:15:00+00:00', 'estimated': '2023-12-07T05:15:00+00:00', 'actual': None, 'estimated_runway': None, 'actual_runway': None}","{'name': 'Lufthansa', 'iata': 'LH', 'icao': 'DLH'}","{'number': '9777', 'iata': 'LH9777', 'icao': 'DLH9777', 'codeshared': {'airline_name': 'singapore airlines', 'airline_iata': 'sq', 'airline_icao': 'sia', 'flight_number': '218', 'flight_iata': 'sq218', 'flight_icao': 'sia218'}}",,
2023-12-07,active,"{'airport': 'Christchurch International', 'timezone': 'Pacific/Auckland', 'iata': 'CHC', 'icao': 'NZCH', 'terminal': None, 'gate': 'I26', 'delay': 9, 'scheduled': '2023-12-07T06:15:00+00:00', 'estimated': '2023-12-07T06:15:00+00:00', 'actual': '2023-12-07T06:23:00+00:00', 'estimated_runway': '2023-12-07T06:23:00+00:00', 'actual_runway': '2023-12-07T06:23:00+00:00'}","{'airport': 'Brisbane International', 'timezone': 'Australia/Brisbane', 'iata': 'BNE', 'icao': 'YBBN', 'terminal': 'I', 'gate': '77', 'baggage': 'I01', 'delay': None, 'scheduled': '2023-12-07T07:10:00+00:00', 'estimated': '2023-12-07T07:10:00+00:00', 'actual': None, 'estimated_runway': None, 'actual_runway': None}","{'name': 'Turkish Airlines', 'iata': 'TK', 'icao': 'THY'}","{'number': '8763', 'iata': 'TK8763', 'icao': 'THY8763', 'codeshared': {'airline_name': 'air new zealand', 'airline_iata': 'nz', 'airline_icao': 'anz', 'flight_number': '201', 'flight_iata': 'nz201', 'flight_icao': 'anz201'}}",,
2023-12-07,active,"{'airport': 'Kansai International', 'timezone': 'Asia/Tokyo', 'iata': 'KIX', 'icao': 'RJBB', 'terminal': '1', 'gate': '29', 'delay': 20, 'scheduled': '2023-12-07T00:45:00+00:00', 'estimated': '2023-12-07T00:45:00+00:00', 'actual': '2023-12-07T01:05:00+00:00', 'estimated_runway': '2023-12-07T01:05:00+00:00', 'actual_runway': '2023-12-07T01:05:00+00:00'}","{'airport': 'Suvarnabhumi International', 'timezone': 'Asia/Bangkok', 'iata': 'BKK', 'icao': 'VTBS', 'terminal': 'MAIN', 'gate': None, 'baggage': None, 'delay': None, 'scheduled': '2023-12-07T05:00:00+00:00', 'estimated': '2023-12-07T05:00:00+00:00', 'actual': None, 'estimated_runway': None, 'actual_runway': None}","{'name': 'Alaska Airlines', 'iata': 'AS', 'icao': 'ASA'}","{'number': '7341', 'iata': 'AS7341', 'icao': 'ASA7341', 'codeshared': {'airline_name': 'jal', 'airline_iata': 'jl', 'airline_icao': 'jal', 'flight_number': '727', 'flight_iata': 'jl727', 'flight_icao': 'jal727'}}",,
2023-12-07,active,"{'airport': 'Auckland International', 'timezone': 'Pacific/Auckland', 'iata': 'AKL', 'icao': 'NZAA', 'terminal': 'I', 'gate': '15', 'delay': 11, 'scheduled': '2023-12-07T06:05:00+00:00', 'estimated': '2023-12-07T06:05:00+00:00', 'actual': '2023-12-07T06:16:00+00:00', 'estimated_runway': '2023-12-07T06:16:00+00:00', 'actual_runway': '2023-12-07T06:16:00+00:00'}","{'airport': 'Melbourne - Tullamarine Airport', 'timezone': 'Australia/Melbourne', 'iata': 'MEL', 'icao': 'YMML', 'terminal': '2', 'gate': '3', 'baggage': None, 'delay': None, 'scheduled': '2023-12-07T08:15:00+00:00', 'estimated': '2023-12-07T08:15:00+00:00', 'actual': None, 'estimated_runway': None, 'actual_runway': None}","{'name': 'China Eastern Airlines', 'iata': 'MU', 'icao': 'CES'}","{'number': '4029', 'iata': 'MU4029', 'icao': 'CES4029', 'codeshared': {'airline_name': 'qantas', 'airline_iata': 'qf', 'airline_icao': 'qfa', 'flight_number': '152', 'flight_iata': 'qf152', 'flight_icao': 'qfa152'}}",,
2023-12-07,active,"{'airport': 'Hong Kong International', 'timezone': 'Asia/Hong_Kong', 'iata': 'HKG', 'icao': 'VHHH', 'terminal': None, 'gate': None, 'delay': 33, 'scheduled': '2023-12-07T03:30:00+00:00', 'estimated': '2023-12-07T03:30:00+00:00', 'actual': '2023-12-07T04:03:00+00:00', 'estimated_runway': '2023-12-07T04:03:00+00:00', 'actual_runway': '2023-12-07T04:03:00+00:00'}","{'airport': 'Kansai International', 'timezone': 'Asia/Tokyo', 'iata': 'KIX', 'icao': 'RJBB', 'terminal': '1', 'gate': None, 'baggage': None, 'delay': 6, 'scheduled': '2023-12-07T07:50:00+00:00', 'estimated': '2023-12-07T07:50:00+00:00', 'actual': None, 'estimated_runway': None, 'actual_runway': None}","{'name': 'DHL Air', 'iata': 'D0', 'icao': 'DHK'}","{'number': '204', 'iata': 'D0204', 'icao': 'DHK204', 'codeshared': None}",,
2023-12-07,active,"{'airport': 'Auckland International', 'timezone': 'Pacific/Auckland', 'iata': 'AKL', 'icao': 'NZAA', 'terminal': 'D', 'gate': '31', 'delay': 13, 'scheduled': '2023-12-07T07:55:00+00:00', 'estimated': '2023-12-07T07:55:00+00:00', 'actual': '2023-12-07T08:08:00+00:00', 'estimated_runway': '2023-12-07T08:08:00+00:00', 'actual_runway': '2023-12-07T08:08:00+00:00'}","{'airport': 'Queenstown', 'timezone': 'Pacific/Auckland', 'iata': 'ZQN', 'icao': 'NZQN', 'terminal': 'D', 'gate': None, 'baggage': None, 'delay': None, 'scheduled': '2023-12-07T09:50:00+00:00', 'estimated': '2023-12-07T09:50:00+00:00', 'actual': None, 'estimated_runway': None, 'actual_runway': None}","{'name': 'Air New Zealand', 'iata': 'NZ', 'icao': 'ANZ'}","{'number': '613', 'iata': 'NZ613', 'icao': 'ANZ613', 'codeshared': None}","{'registration': 'ZK-OXF', 'iata': 'A320', 'icao': 'A320', 'icao24': 'C8216E'}","{'updated': '2023-12-06T20:31:22+00:00', 'latitude': -44.7826, 'longitude': 169.417, 'altitude': 3108.96, 'direction': 241, 'speed_horizontal': 511.152, 'speed_vertical': 0, 'is_ground': False}"
2023-12-07,active,"{'airport': 'Melbourne - Tullamarine Airport', 'timezone': 'Australia/Melbourne', 'iata': 'MEL', 'icao': 'YMML', 'terminal': '2', 'gate': '4', 'delay': 21, 'scheduled': '2023-12-07T01:30:00+00:00', 'estimated': '2023-12-07T01:30:00+00:00', 'actual': '2023-12-07T01:50:00+00:00', 'estimated_runway': '2023-12-07T01:50:00+00:00', 'actual_runway': '2023-12-07T01:50:00+00:00'}","{'airport': 'Tan Son Nhat International', 'timezone': 'Asia/Ho_Chi_Minh', 'iata': 'SGN', 'icao': 'VVTS', 'terminal': '2', 'gate': None, 'baggage': None, 'delay': None, 'scheduled': '2023-12-07T06:20:00+00:00', 'estimated': '2023-12-07T06:20:00+00:00', 'actual': None, 'estimated_runway': None, 'actual_runway': None}","{'name': 'VietJet Air', 'iata': 'VJ', 'icao': 'VJC'}","{'number': '82', 'iata': 'VJ82', 'icao': 'VJC82', 'codeshared': None}",,
2023-12-07,active,"{'airport': 'Launceston', 'timezone': 'Australia/Hobart', 'iata': 'LST', 'icao': 'YMLT', 'terminal': None, 'gate': None, 'delay': None, 'scheduled': '2023-12-07T07:00:00+00:00', 'estimated': '2023-12-07T07:00:00+00:00', 'actual': '2023-12-07T06:57:00+00:00', 'estimated_runway': '2023-12-07T06:57:00+00:00', 'actual_runway': '2023-12-07T06:57:00+00:00'}","{'airport': 'Burnie Wynyard', 'timezone': 'Australia/Hobart', 'iata': 'BWT', 'icao': 'YWYY', 'terminal': None, 'gate': None, 'baggage': None, 'delay': None, 'scheduled': '2023-12-07T07:30:00+00:00', 'estimated': '2023-12-07T07:30:00+00:00', 'actual': None, 'estimated_runway': None, 'actual_runway': None}","{'name': 'empty', 'iata': None, 'icao': None}","{'number': '892', 'iata': None, 'icao': None, 'codeshared': None}",,
2023-12-07,active,"{'airport': 'Launceston', 'timezone': 'Australia/Hobart', 'iata': 'LST', 'icao': 'YMLT', 'terminal': None, 'gate': '4', 'delay': 1, 'scheduled': '2023-12-07T06:30:00+00:00', 'estimated': '2023-12-07T06:30:00+00:00', 'actual': '2023-12-07T06:30:00+00:00', 'estimated_runway': '2023-12-07T06:30:00+00:00', 'actual_runway': '2023-12-07T06:30:00+00:00'}","{'airport': 'Melbourne - Tullamarine Airport', 'timezone': 'Australia/Melbourne', 'iata': 'MEL', 'icao': 'YMML', 'terminal': '3', 'gate': '3', 'baggage': None, 'delay': None, 'scheduled': '2023-12-07T07:35:00+00:00', 'estimated': '2023-12-07T07:35:00+00:00', 'actual': None, 'estimated_runway': None, 'actual_runway': None}","{'name': 'Virgin Australia', 'iata': 'VA', 'icao': 'VOZ'}","{'number': '1361', 'iata': 'VA1361', 'icao': 'VOZ1361', 'codeshared': None}",,
2023-12-07,active,"{'airport': 'Port Macquarie', 'timezone': 'Australia/Sydney', 'iata': 'PQQ', 'icao': 'YPMQ', 'terminal': None, 'gate': None, 'delay': 9, 'scheduled': '2023-12-07T06:40:00+00:00', 'estimated': '2023-12-07T06:40:00+00:00', 'actual': '2023-12-07T06:46:00+00:00', 'estimated_runway': '2023-12-07T06:46:00+00:00', 'actual_runway': '2023-12-07T06:46:00+00:00'}","{'airport': 'Sydney Kingsford Smith Airport', 'timezone': 'Australia/Sydney', 'iata': 'SYD', 'icao': 'YSSY', 'terminal': '3', 'gate': '19', 'baggage': 'QFR', 'delay': 3, 'scheduled': '2023-12-07T07:45:00+00:00', 'estimated': '2023-12-07T07:45:00+00:00', 'actual': None, 'estimated_runway': None, 'actual_runway': None}","{'name': 'Qantas', 'iata': 'QF', 'icao': 'QFA'}","{'number': '2161', 'iata': 'QF2161', 'icao': 'QFA2161', 'codeshared': None}",,
2023-12-07,active,"{'airport': 'Don Muang', 'timezone': 'Asia/Bangkok', 'iata': 'DMK', 'icao': 'VTBD', 'terminal': '1', 'gate': '1,2', 'delay': None, 'scheduled': '2023-12-07T00:55:00+00:00', 'estimated': '2023-12-07T00:55:00+00:00', 'actual': '2023-12-07T00:55:00+00:00', 'estimated_runway': '2023-12-07T00:55:00+00:00', 'actual_runway': '2023-12-07T00:55:00+00:00'}","{'airport': 'Guangzhou Baiyun International', 'timezone': 'Asia/Shanghai', 'iata': 'CAN', 'icao': 'ZGGG', 'terminal': '2', 'gate': None, 'baggage': '49', 'delay': None, 'scheduled': '2023-12-07T04:40:00+00:00', 'estimated': '2023-12-07T04:40:00+00:00', 'actual': None, 'estimated_runway': None, 'actual_runway': None}","{'name': 'AirAsia', 'iata': 'AK', 'icao': 'AXM'}","{'number': '536', 'iata': 'AK536', 'icao': 'AXM536', 'codeshared': None}",,
2023-12-07,active,"{'airport': 'Phuket International', 'timezone': 'Asia/Bangkok', 'iata': 'HKT', 'icao': 'VTSP', 'terminal': 'I', 'gate': '84', 'delay': 7, 'scheduled': '2023-12-07T00:05:00+00:00', 'estimated': '2023-12-07T00:05:00+00:00', 'actual': '2023-12-07T00:11:00+00:00', 'estimated_runway': '2023-12-07T00:11:00+00:00', 'actual_runway': '2023-12-07T00:11:00+00:00'}","{'airport': 'Xianyang', 'timezone': 'Asia/Shanghai', 'iata': 'XIY', 'icao': 'ZLXY', 'terminal': '3', 'gate': None, 'baggage': '302', 'delay': None, 'scheduled': '2023-12-07T06:05:00+00:00', 'estimated': '2023-12-07T06:05:00+00:00', 'actual': None, 'estimated_runway': None, 'actual_runway': None}","{'name': 'China Eastern Airlines', 'iata': 'MU', 'icao': 'CES'}","{'number': '2082', 'iata': 'MU2082', 'icao': 'CES2082', 'codeshared': None}","{'registration': 'B-329C', 'iata': 'A20N', 'icao': 'A20N', 'icao24': '781D9F'}","{'updated': '2023-12-06T18:43:52+00:00', 'latitude': 18.3815, 'longitude': 101.421, 'altitude': 11270, 'direction': 3, 'speed_horizontal': 827.844, 'speed_vertical': 0, 'is_ground': False}"
2023-12-07,active,"{'airport': 'Phuket International', 'timezone': 'Asia/Bangkok', 'iata': 'HKT', 'icao': 'VTSP', 'terminal': 'I', 'gate': 'G', 'delay': 16, 'scheduled': '2023-12-07T00:05:00+00:00', 'estimated': '2023-12-07T00:05:00+00:00', 'actual': '2023-12-07T00:20:00+00:00', 'estimated_runway': '2023-12-07T00:20:00+00:00', 'actual_runway': '2023-12-07T00:20:00+00:00'}","{'airport': 'Nanjing Lukou International Airport', 'timezone': 'Asia/Shanghai', 'iata': 'NKG', 'icao': 'ZSNJ', 'terminal': '2', 'gate': None, 'baggage': '02', 'delay': None, 'scheduled': '2023-12-07T06:30:00+00:00', 'estimated': '2023-12-07T06:30:00+00:00', 'actual': None, 'estimated_runway': None, 'actual_runway': None}","{'name': 'China Eastern Airlines', 'iata': 'MU', 'icao': 'CES'}","{'number': '2814', 'iata': 'MU2814', 'icao': 'CES2814', 'codeshared': None}",,
2023-12-07,active,"{'airport': 'Soekarno-Hatta International', 'timezone': 'Asia/Jakarta', 'iata': 'CGK', 'icao': 'WIII', 'terminal': '2', 'gate': 'C22', 'delay': 5, 'scheduled': '2023-12-07T01:40:00+00:00', 'estimated': '2023-12-07T01:40:00+00:00', 'actual': '2023-12-07T01:44:00+00:00', 'estimated_runway': '2023-12-07T01:44:00+00:00', 'actual_runway': '2023-12-07T01:44:00+00:00'}","{'airport': 'Samratulangi', 'timezone': 'Asia/Makassar', 'iata': 'MDC', 'icao': 'WAMM', 'terminal': 'T1', 'gate': None, 'baggage': None, 'delay': None, 'scheduled': '2023-12-07T06:00:00+00:00', 'estimated': '2023-12-07T06:00:00+00:00', 'actual': None, 'estimated_runway': None, 'actual_runway': None}","{'name': 'Citilink', 'iata': 'QG', 'icao': 'CTV'}","{'number': '300', 'iata': 'QG300', 'icao': 'CTV300', 'codeshared': None}","{'registration': 'PK-GTI', 'iata': 'A20N', 'icao': 'A20N', 'icao24': '8A074D'}","{'updated': '2023-12-06T20:38:16+00:00', 'latitude': -0.424, 'longitude': 118.3, 'altitude': 10675.6, 'direction': 67, 'speed_horizontal': 825.992, 'speed_vertical': 0, 'is_ground': False}"
2023-12-07,active,"{'airport': 'Melbourne - Tullamarine Airport', 'timezone': 'Australia/Melbourne', 'iata': 'MEL', 'icao': 'YMML', 'terminal': '2', 'gate': '6', 'delay': 12, 'scheduled': '2023-12-07T00:30:00+00:00', 'estimated': '2023-12-07T00:30:00+00:00', 'actual': '2023-12-07T00:42:00+00:00', 'estimated_runway': '2023-12-07T00:42:00+00:00', 'actual_runway': '2023-12-07T00:42:00+00:00'}","{'airport': 'Suvarnabhumi International', 'timezone': 'Asia/Bangkok', 'iata': 'BKK', 'icao': 'VTBS', 'terminal': 'MAIN', 'gate': None, 'baggage': None, 'delay': None, 'scheduled': '2023-12-07T05:40:00+00:00', 'estimated': '2023-12-07T05:40:00+00:00', 'actual': None, 'estimated_runway': None, 'actual_runway': None}","{'name': 'Austrian', 'iata': 'OS', 'icao': 'AUA'}","{'number': '8638', 'iata': 'OS8638', 'icao': 'AUA8638', 'codeshared': {'airline_name': 'thai airways international', 'airline_iata': 'tg', 'airline_icao': 'tha', 'flight_number': '462', 'flight_iata': 'tg462', 'flight_icao': 'tha462'}}",,
2023-12-07,active,"{'airport': 'Melbourne - Tullamarine Airport', 'timezone': 'Australia/Melbourne', 'iata': 'MEL', 'icao': 'YMML', 'terminal': '2', 'gate': '12', 'delay': 24, 'scheduled': '2023-12-07T00:30:00+00:00', 'estimated': '2023-12-07T00:30:00+00:00', 'actual': '2023-12-07T00:53:00+00:00', 'estimated_runway': '2023-12-07T00:53:00+00:00', 'actual_runway': '2023-12-07T00:53:00+00:00'}","{'airport': 'Kuala Lumpur International Airport (klia)', 'timezone': 'Asia/Kuala_Lumpur', 'iata': 'KUL', 'icao': 'WMKK', 'terminal': '1', 'gate': None, 'baggage': None, 'delay': 11, 'scheduled': '2023-12-07T05:45:00+00:00', 'estimated': '2023-12-07T05:45:00+00:00', 'actual': None, 'estimated_runway': None, 'actual_runway': None}","{'name': 'Oman Air', 'iata': 'WY', 'icao': 'OMA'}","{'number': '5554', 'iata': 'WY5554', 'icao': 'OMA5554', 'codeshared': {'airline_name': 'malaysia airlines', 'airline_iata': 'mh', 'airline_icao': 'mas', 'flight_number': '128', 'flight_iata': 'mh128', 'flight_icao': 'mas128'}}",,
2023-12-07,active,"{'airport': 'Melbourne - Tullamarine Airport', 'timezone': 'Australia/Melbourne', 'iata': 'MEL', 'icao': 'YMML', 'terminal': '2', 'gate': '12', 'delay': 24, 'scheduled': '2023-12-07T00:30:00+00:00', 'estimated': '2023-12-07T00:30:00+00:00', 'actual': '2023-12-07T00:53:00+00:00', 'estimated_runway': '2023-12-07T00:53:00+00:00', 'actual_runway': '2023-12-07T00:53:00+00:00'}","{'airport': 'Kuala Lumpur International Airport (klia)', 'timezone': 'Asia/Kuala_Lumpur', 'iata': 'KUL', 'icao': 'WMKK', 'terminal': '1', 'gate': None, 'baggage': None, 'delay': 11, 'scheduled': '2023-12-07T05:45:00+00:00', 'estimated': '2023-12-07T05:45:00+00:00', 'actual': None, 'estimated_runway': None, 'actual_runway': None}","{'name': 'SriLankan Airlines', 'iata': 'UL', 'icao': 'ALK'}","{'number': '2328', 'iata': 'UL2328', 'icao': 'ALK2328', 'codeshared': {'airline_name': 'malaysia airlines', 'airline_iata': 'mh', 'airline_icao': 'mas', 'flight_number': '128', 'flight_iata': 'mh128', 'flight_icao': 'mas128'}}",,
2023-12-07,active,"{'airport': 'Melbourne - Tullamarine Airport', 'timezone': 'Australia/Melbourne', 'iata': 'MEL', 'icao': 'YMML', 'terminal': '2', 'gate': '12', 'delay': 24, 'scheduled': '2023-12-07T00:30:00+00:00', 'estimated': '2023-12-07T00:30:00+00:00', 'actual': '2023-12-07T00:53:00+00:00', 'estimated_runway': '2023-12-07T00:53:00+00:00', 'actual_runway': '2023-12-07T00:53:00+00:00'}","{'airport': 'Kuala Lumpur International Airport (klia)', 'timezone': 'Asia/Kuala_Lumpur', 'iata': 'KUL', 'icao': 'WMKK', 'terminal': '1', 'gate': None, 'baggage': None, 'delay': 11, 'scheduled': '2023-12-07T05:45:00+00:00', 'estimated': '2023-12-07T05:45:00+00:00', 'actual': None, 'estimated_runway': None, 'actual_runway': None}","{'name': 'Turkish Airlines', 'iata': 'TK', 'icao': 'THY'}","{'number': '4810', 'iata': 'TK4810', 'icao': 'THY4810', 'codeshared': {'airline_name': 'malaysia airlines', 'airline_iata': 'mh', 'airline_icao': 'mas', 'flight_number': '128', 'flight_iata': 'mh128', 'flight_icao': 'mas128'}}",,
2023-12-07,active,"{'airport': 'Melbourne - Tullamarine Airport', 'timezone': 'Australia/Melbourne', 'iata': 'MEL', 'icao': 'YMML', 'terminal': '2', 'gate': '6', 'delay': 12, 'scheduled': '2023-12-07T00:30:00+00:00', 'estimated': '2023-12-07T00:30:00+00:00', 'actual': '2023-12-07T00:42:00+00:00', 'estimated_runway': '2023-12-07T00:42:00+00:00', 'actual_runway': '2023-12-07T00:42:00+00:00'}","{'airport': 'Suvarnabhumi International', 'timezone': 'Asia/Bangkok', 'iata': 'BKK', 'icao': 'VTBS', 'terminal': 'MAIN', 'gate': None, 'baggage': None, 'delay': None, 'scheduled': '2023-12-07T05:40:00+00:00', 'estimated': '2023-12-07T05:40:00+00:00', 'actual': None, 'estimated_runway': None, 'actual_runway': None}","{'name': 'Turkish Airlines', 'iata': 'TK', 'icao': 'THY'}","{'number': '8005', 'iata': 'TK8005', 'icao': 'THY8005', 'codeshared': {'airline_name': 'thai airways international', 'airline_iata': 'tg', 'airline_icao': 'tha', 'flight_number': '462', 'flight_iata': 'tg462', 'flight_icao': 'tha462'}}",,
2023-12-07,active,"{'airport': 'Melbourne - Tullamarine Airport', 'timezone': 'Australia/Melbourne', 'iata': 'MEL', 'icao': 'YMML', 'terminal': '2', 'gate': '14A', 'delay': 1, 'scheduled': '2023-12-07T00:35:00+00:00', 'estimated': '2023-12-07T00:35:00+00:00', 'actual': '2023-12-07T00:36:00+00:00', 'estimated_runway': '2023-12-07T00:36:00+00:00', 'actual_runway': '2023-12-07T00:36:00+00:00'}","{'airport': 'Singapore Changi', 'timezone': 'Asia/Singapore', 'iata': 'SIN', 'icao': 'WSSS', 'terminal': '3', 'gate': None, 'baggage': '42', 'delay': None, 'scheduled': '2023-12-07T05:15:00+00:00', 'estimated': '2023-12-07T05:15:00+00:00', 'actual': None, 'estimated_runway': None, 'actual_runway': None}","{'name': 'Air France', 'iata': 'AF', 'icao': 'AFR'}","{'number': '3917', 'iata': 'AF3917', 'icao': 'AFR3917', 'codeshared': {'airline_name': 'singapore airlines', 'airline_iata': 'sq', 'airline_icao': 'sia', 'flight_number': '218', 'flight_iata': 'sq218', 'flight_icao': 'sia218'}}",,
2023-12-07,active,"{'airport': 'Melbourne - Tullamarine Airport', 'timezone': 'Australia/Melbourne', 'iata': 'MEL', 'icao': 'YMML', 'terminal': '2', 'gate': '18', 'delay': 17, 'scheduled': '2023-12-07T01:00:00+00:00', 'estimated': '2023-12-07T01:00:00+00:00', 'actual': '2023-12-07T01:17:00+00:00', 'estimated_runway': '2023-12-07T01:17:00+00:00', 'actual_runway': '2023-12-07T01:17:00+00:00'}","{'airport': 'Hong Kong International', 'timezone': 'Asia/Hong_Kong', 'iata': 'HKG', 'icao': 'VHHH', 'terminal': '1', 'gate': None, 'baggage': '5', 'delay': 7, 'scheduled': '2023-12-07T06:55:00+00:00', 'estimated': '2023-12-07T06:55:00+00:00', 'actual': None, 'estimated_runway': None, 'actual_runway': None}","{'name': 'Cathay Pacific', 'iata': 'CX', 'icao': 'CPA'}","{'number': '178', 'iata': 'CX178', 'icao': 'CPA178', 'codeshared': None}","{'registration': 'B-KPR', 'iata': 'B77W', 'icao': 'B77W', 'icao24': '78023E'}","{'updated': '2023-12-06T20:15:58+00:00', 'latitude': 4.6597, 'longitude': 123.284, 'altitude': 10363.2, 'direction': 326, 'speed_horizontal': 926, 'speed_vertical': 0, 'is_ground': False}"
2023-12-07,active,"{'airport': 'Melbourne - Tullamarine Airport', 'timezone': 'Australia/Melbourne', 'iata': 'MEL', 'icao': 'YMML', 'terminal': '2', 'gate': '14A', 'delay': 1, 'scheduled': '2023-12-07T00:35:00+00:00', 'estimated': '2023-12-07T00:35:00+00:00', 'actual': '2023-12-07T00:36:00+00:00', 'estimated_runway': '2023-12-07T00:36:00+00:00', 'actual_runway': '2023-12-07T00:36:00+00:00'}","{'airport': 'Singapore Changi', 'timezone': 'Asia/Singapore', 'iata': 'SIN', 'icao': 'WSSS', 'terminal': '3', 'gate': None, 'baggage': '42', 'delay': None, 'scheduled': '2023-12-07T05:15:00+00:00', 'estimated': '2023-12-07T05:15:00+00:00', 'actual': None, 'estimated_runway': None, 'actual_runway': None}","{'name': 'Singapore Airlines', 'iata': 'SQ', 'icao': 'SIA'}","{'number': '218', 'iata': 'SQ218', 'icao': 'SIA218', 'codeshared': None}","{'registration': '9V-SMM', 'iata': 'A359', 'icao': 'A359', 'icao24': '76CDAD'}","{'updated': '2023-12-06T14:46:34+00:00', 'latitude': -32.2584, 'longitude': 138.077, 'altitude': 11582.4, 'direction': 315, 'speed_horizontal': 825.992, 'speed_vertical': 0, 'is_ground': False}"
2023-12-07,active,"{'airport': 'Melbourne - Tullamarine Airport', 'timezone': 'Australia/Melbourne', 'iata': 'MEL', 'icao': 'YMML', 'terminal': '2', 'gate': '6', 'delay': 12, 'scheduled': '2023-12-07T00:30:00+00:00', 'estimated': '2023-12-07T00:30:00+00:00', 'actual': '2023-12-07T00:42:00+00:00', 'estimated_runway': '2023-12-07T00:42:00+00:00', 'actual_runway': '2023-12-07T00:42:00+00:00'}","{'airport': 'Suvarnabhumi International', 'timezone': 'Asia/Bangkok', 'iata': 'BKK', 'icao': 'VTBS', 'terminal': 'MAIN', 'gate': None, 'baggage': None, 'delay': None, 'scheduled': '2023-12-07T05:40:00+00:00', 'estimated': '2023-12-07T05:40:00+00:00', 'actual': None, 'estimated_runway': None, 'actual_runway': None}","{'name': 'Thai Airways International', 'iata': 'TG', 'icao': 'THA'}","{'number': '462', 'iata': 'TG462', 'icao': 'THA462', 'codeshared': None}",,
2023-12-07,active,"{'airport': 'Melbourne - Tullamarine Airport', 'timezone': 'Australia/Melbourne', 'iata': 'MEL', 'icao': 'YMML', 'terminal': '2', 'gate': '12', 'delay': 24, 'scheduled': '2023-12-07T00:30:00+00:00', 'estimated': '2023-12-07T00:30:00+00:00', 'actual': '2023-12-07T00:53:00+00:00', 'estimated_runway': '2023-12-07T00:53:00+00:00', 'actual_runway': '2023-12-07T00:53:00+00:00'}","{'airport': 'Kuala Lumpur International Airport (klia)', 'timezone': 'Asia/Kuala_Lumpur', 'iata': 'KUL', 'icao': 'WMKK', 'terminal': '1', 'gate': None, 'baggage': None, 'delay': 11, 'scheduled': '2023-12-07T05:45:00+00:00', 'estimated': '2023-12-07T05:45:00+00:00', 'actual': None, 'estimated_runway': None, 'actual_runway': None}","{'name': 'Malaysia Airlines', 'iata': 'MH', 'icao': 'MAS'}","{'number': '128', 'iata': 'MH128', 'icao': 'MAS128', 'codeshared': None}","{'registration': '9M-MTJ', 'iata': 'A333', 'icao': 'A333', 'icao24': '75025D'}","{'updated': '2023-12-06T17:47:30+00:00', 'latitude': -15.6399, 'longitude': 124.62, 'altitude': 10972.8, 'direction': 314, 'speed_horizontal': 846.364, 'speed_vertical': 0, 'is_ground': False}"
2023-12-07,active,"{'airport': 'Singapore Changi', 'timezone': 'Asia/Singapore', 'iata': 'SIN', 'icao': 'WSSS', 'terminal': '3', 'gate': 'A16', 'delay': 20, 'scheduled': '2023-12-07T02:25:00+00:00', 'estimated': '2023-12-07T02:25:00+00:00', 'actual': '2023-12-07T02:45:00+00:00', 'estimated_runway': '2023-12-07T02:45:00+00:00', 'actual_runway': '2023-12-07T02:45:00+00:00'}","{'airport': 'Indira Gandhi International', 'timezone': 'Asia/Kolkata', 'iata': 'DEL', 'icao': 'VIDP', 'terminal': '3', 'gate': None, 'baggage': None, 'delay': None, 'scheduled': '2023-12-07T05:55:00+00:00', 'estimated': '2023-12-07T05:55:00+00:00', 'actual': None, 'estimated_runway': None, 'actual_runway': None}","{'name': 'Singapore Airlines', 'iata': 'SQ', 'icao': 'SIA'}","{'number': '402', 'iata': 'SQ402', 'icao': 'SIA402', 'codeshared': None}",,
2023-12-07,active,"{'airport': 'Auckland International', 'timezone': 'Pacific/Auckland', 'iata': 'AKL', 'icao': 'NZAA', 'terminal': 'D', 'gate': '33', 'delay': 15, 'scheduled': '2023-12-07T06:45:00+00:00', 'estimated': '2023-12-07T06:45:00+00:00', 'actual': '2023-12-07T07:00:00+00:00', 'estimated_runway': '2023-12-07T07:00:00+00:00', 'actual_runway': '2023-12-07T07:00:00+00:00'}","{'airport': 'Queenstown', 'timezone': 'Pacific/Auckland', 'iata': 'ZQN', 'icao': 'NZQN', 'terminal': 'D', 'gate': None, 'baggage': None, 'delay': None, 'scheduled': '2023-12-07T08:40:00+00:00', 'estimated': '2023-12-07T08:40:00+00:00', 'actual': None, 'estimated_runway': None, 'actual_runway': None}","{'name': 'Singapore Airlines', 'iata': 'SQ', 'icao': 'SIA'}","{'number': '4450', 'iata': 'SQ4450', 'icao': 'SIA4450', 'codeshared': {'airline_name': 'air new zealand', 'airline_iata': 'nz', 'airline_icao': 'anz', 'flight_number': '611', 'flight_iata': 'nz611', 'flight_icao': 'anz611'}}",,
2023-12-07,active,"{'airport': 'Auckland International', 'timezone': 'Pacific/Auckland', 'iata': 'AKL', 'icao': 'NZAA', 'terminal': 'D', 'gate': '32', 'delay': 15, 'scheduled': '2023-12-07T08:00:00+00:00', 'estimated': '2023-12-07T08:00:00+00:00', 'actual': '2023-12-07T08:14:00+00:00', 'estimated_runway': '2023-12-07T08:14:00+00:00', 'actual_runway': '2023-12-07T08:14:00+00:00'}","{'airport': 'Christchurch International', 'timezone': 'Pacific/Auckland', 'iata': 'CHC', 'icao': 'NZCH', 'terminal': 'D', 'gate': 'D19', 'baggage': None, 'delay': None, 'scheduled': '2023-12-07T09:25:00+00:00', 'estimated': '2023-12-07T09:25:00+00:00', 'actual': None, 'estimated_runway': None, 'actual_runway': None}","{'name': 'EVA Air', 'iata': 'BR', 'icao': 'EVA'}","{'number': '3337', 'iata': 'BR3337', 'icao': 'EVA3337', 'codeshared': {'airline_name': 'air new zealand', 'airline_iata': 'nz', 'airline_icao': 'anz', 'flight_number': '523', 'flight_iata': 'nz523', 'flight_icao': 'anz523'}}",,
2023-12-07,active,"{'airport': 'Melbourne - Tullamarine Airport', 'timezone': 'Australia/Melbourne', 'iata': 'MEL', 'icao': 'YMML', 'terminal': '1', 'gate': '11', 'delay': 7, 'scheduled': '2023-12-07T06:00:00+00:00', 'estimated': '2023-12-07T06:00:00+00:00', 'actual': '2023-12-07T06:07:00+00:00', 'estimated_runway': '2023-12-07T06:07:00+00:00', 'actual_runway': '2023-12-07T06:07:00+00:00'}","{'airport': 'Brisbane International', 'timezone': 'Australia/Brisbane', 'iata': 'BNE', 'icao': 'YBBN', 'terminal': 'D', 'gate': '23', 'baggage': 'D02', 'delay': None, 'scheduled': '2023-12-07T07:10:00+00:00', 'estimated': '2023-12-07T07:10:00+00:00', 'actual': None, 'estimated_runway': None, 'actual_runway': None}","{'name': 'Air New Zealand', 'iata': 'NZ', 'icao': 'ANZ'}","{'number': '7600', 'iata': 'NZ7600', 'icao': 'ANZ7600', 'codeshared': {'airline_name': 'qantas', 'airline_iata': 'qf', 'airline_icao': 'qfa', 'flight_number': '600', 'flight_iata': 'qf600', 'flight_icao': 'qfa600'}}",,
2023-12-07,active,"{'airport': 'Melbourne - Tullamarine Airport', 'timezone': 'Australia/Melbourne', 'iata': 'MEL', 'icao': 'YMML', 'terminal': '2', 'gate': '14A', 'delay': 1, 'scheduled': '2023-12-07T00:35:00+00:00', 'estimated': '2023-12-07T00:35:00+00:00', 'actual': '2023-12-07T00:36:00+00:00', 'estimated_runway': '2023-12-07T00:36:00+00:00', 'actual_runway': '2023-12-07T00:36:00+00:00'}","{'airport': 'Singapore Changi', 'timezone': 'Asia/Singapore', 'iata': 'SIN', 'icao': 'WSSS', 'terminal': '3', 'gate': None, 'baggage': '42', 'delay': None, 'scheduled': '2023-12-07T05:15:00+00:00', 'estimated': '2023-12-07T05:15:00+00:00', 'actual': None, 'estimated_runway': None, 'actual_runway': None}","{'name': 'SWISS', 'iata': 'LX', 'icao': 'SWR'}","{'number': '9057', 'iata': 'LX9057', 'icao': 'SWR9057', 'codeshared': {'airline_name': 'singapore airlines', 'airline_iata': 'sq', 'airline_icao': 'sia', 'flight_number': '218', 'flight_iata': 'sq218', 'flight_icao': 'sia218'}}",,
